Angle(deg),Theoretical_BER
0.00,2.50000000e-04
0.01,2.50000000e-04
0.02,2.50000000e-04
0.03,2.50000000e-04
0.04,2.50000000e-04
0.05,2.50000000e-04
0.06,2.50000000e-04
0.07,2.50000000e-04
0.08,2.50000000e-04
0.09,2.50000000e-04
0.10,2.50000000e-04
0.11,2.50000000e-04
0.12,2.50000000e-04
0.13,2.50000000e-04
0.14,2.50000000e-04
0.15,2.50000000e-04
0.16,2.50000000e-04
0.17,2.50000000e-04
0.18,2.50000000e-04
0.19,2.50000000e-04
0.20,2.50000000e-04
0.21,2.50000000e-04
0.22,2.50000000e-04
0.23,2.50000000e-04
0.24,2.50000000e-04
0.25,2.50000000e-04
0.26,2.50000000e-04
0.27,2.50000000e-04
0.28,2.50000000e-04
0.29,2.50000000e-04
0.30,2.50000000e-04
0.31,2.50000000e-04
0.32,2.50000000e-04
0.33,2.50000000e-04
0.34,2.50000000e-04
0.35,2.50000000e-04
0.36,2.50000000e-04
0.37,2.50000000e-04
0.38,2.50000000e-04
0.39,2.50000000e-04
0.40,2.50000000e-04
0.41,2.50000000e-04
0.42,2.50000000e-04
0.43,2.50000000e-04
0.44,2.50000000e-04
0.45,2.50000000e-04
0.46,2.50000000e-04
0.47,2.50000000e-04
0.48,2.50000000e-04
0.49,2.50000000e-04
0.50,2.50000000e-04
0.51,2.50000000e-04
0.52,2.50000000e-04
0.53,2.50000000e-04
0.54,2.50000000e-04
0.55,2.50000000e-04
0.56,2.50000000e-04
0.57,2.50000000e-04
0.58,2.50000000e-04
0.59,2.50000000e-04
0.60,2.50000000e-04
0.61,2.50000000e-04
0.62,2.50000000e-04
0.63,2.50000000e-04
0.64,2.50000000e-04
0.65,2.50000000e-04
0.66,2.50000000e-04
0.67,2.50000000e-04
0.68,2.50000000e-04
0.69,2.50000000e-04
0.70,2.50000000e-04
0.71,2.50000000e-04
0.72,2.50000000e-04
0.73,2.50000000e-04
0.74,2.50000000e-04
0.75,2.50000000e-04
0.76,2.50000000e-04
0.77,2.50000000e-04
0.78,2.50000000e-04
0.79,2.50000000e-04
0.80,2.50000000e-04
0.81,2.50000000e-04
0.82,2.50000000e-04
0.83,2.50000000e-04
0.84,2.50000000e-04
0.85,2.50000000e-04
0.86,2.50000000e-04
0.87,2.50000000e-04
0.88,2.50000000e-04
0.89,2.50000000e-04
0.90,2.50000000e-04
0.91,2.50000000e-04
0.92,2.50000000e-04
0.93,2.50000000e-04
0.94,2.50000000e-04
0.95,2.50000000e-04
0.96,2.50000000e-04
0.97,2.50000000e-04
0.98,2.50000000e-04
0.99,2.50000000e-04
1.00,2.50000000e-04
1.01,2.50000000e-04
1.02,2.50000000e-04
1.03,2.50000000e-04
1.04,2.50000000e-04
1.05,2.50000000e-04
1.06,2.50000000e-04
1.07,2.50000000e-04
1.08,2.50000000e-04
1.09,2.50000000e-04
1.10,2.50000000e-04
1.11,2.50000000e-04
1.12,2.50000000e-04
1.13,2.50000000e-04
1.14,2.50000000e-04
1.15,2.50000000e-04
1.16,2.50000000e-04
1.17,2.50000000e-04
1.18,2.50000000e-04
1.19,2.50000000e-04
1.20,2.50000000e-04
1.21,2.50000000e-04
1.22,2.50000000e-04
1.23,2.50000000e-04
1.24,2.50000000e-04
1.25,2.50000000e-04
1.26,2.50000000e-04
1.27,2.50000000e-04
1.28,2.50000000e-04
1.29,2.50000000e-04
1.30,2.50000000e-04
1.31,2.50000000e-04
1.32,2.50000000e-04
1.33,2.50000000e-04
1.34,2.50000000e-04
1.35,2.50000000e-04
1.36,2.50000000e-04
1.37,2.50000000e-04
1.38,2.50000000e-04
1.39,2.50000000e-04
1.40,2.50000000e-04
1.41,2.50000000e-04
1.42,2.50000000e-04
1.43,2.50000000e-04
1.44,2.50000000e-04
1.45,2.50000000e-04
1.46,2.50000000e-04
1.47,2.50000000e-04
1.48,2.50000000e-04
1.49,2.50000000e-04
1.50,2.50000000e-04
1.51,2.50000000e-04
1.52,2.50000000e-04
1.53,2.50000000e-04
1.54,2.50000000e-04
1.55,2.50000000e-04
1.56,2.50000000e-04
1.57,2.50000000e-04
1.58,2.50000000e-04
1.59,2.50000000e-04
1.60,2.50000000e-04
1.61,2.50000000e-04
1.62,2.50000000e-04
1.63,2.50000000e-04
1.64,2.50000000e-04
1.65,2.50000000e-04
1.66,2.50000000e-04
1.67,2.50000000e-04
1.68,2.50000000e-04
1.69,2.50000000e-04
1.70,2.50000000e-04
1.71,2.50000000e-04
1.72,2.50000000e-04
1.73,2.50000000e-04
1.74,2.50000000e-04
1.75,2.50000000e-04
1.76,2.50000000e-04
1.77,2.50000000e-04
1.78,2.50000000e-04
1.79,2.50000000e-04
1.80,2.50000000e-04
1.81,2.50000000e-04
1.82,2.50000000e-04
1.83,2.50000000e-04
1.84,2.50000000e-04
1.85,2.50000000e-04
1.86,2.50000000e-04
1.87,2.50000000e-04
1.88,2.50000000e-04
1.89,2.50000000e-04
1.90,2.50000000e-04
1.91,2.50000000e-04
1.92,2.50000000e-04
1.93,2.50000000e-04
1.94,2.50000000e-04
1.95,2.50000000e-04
1.96,2.50000000e-04
1.97,2.50000000e-04
1.98,2.50000000e-04
1.99,2.50000000e-04
2.00,2.50000000e-04
2.01,2.50000000e-04
2.02,2.50000000e-04
2.03,2.50000000e-04
2.04,2.50000000e-04
2.05,2.50000000e-04
2.06,2.50000000e-04
2.07,2.50000000e-04
2.08,2.50000000e-04
2.09,2.50000000e-04
2.10,2.50000000e-04
2.11,2.50000000e-04
2.12,2.50000000e-04
2.13,2.50000000e-04
2.14,2.50000000e-04
2.15,2.50000000e-04
2.16,2.50000000e-04
2.17,2.50000000e-04
2.18,2.50000000e-04
2.19,2.50000000e-04
2.20,2.50000000e-04
2.21,2.50000000e-04
2.22,2.50000000e-04
2.23,2.50000000e-04
2.24,2.50000000e-04
2.25,2.50000000e-04
2.26,2.50000000e-04
2.27,2.50000000e-04
2.28,2.50000000e-04
2.29,2.50000000e-04
2.30,2.50000000e-04
2.31,2.50000000e-04
2.32,2.50000000e-04
2.33,2.50000000e-04
2.34,2.50000000e-04
2.35,2.50000000e-04
2.36,2.50000000e-04
2.37,2.50000000e-04
2.38,2.50000000e-04
2.39,2.50000000e-04
2.40,2.50000000e-04
2.41,2.50000000e-04
2.42,2.50000000e-04
2.43,2.50000000e-04
2.44,2.50000000e-04
2.45,2.50000000e-04
2.46,2.50000000e-04
2.47,2.50000000e-04
2.48,2.50000000e-04
2.49,2.50000000e-04
2.50,2.50000000e-04
2.51,2.50000000e-04
2.52,2.50000000e-04
2.53,2.50000000e-04
2.54,2.50000000e-04
2.55,2.50000000e-04
2.56,2.50000000e-04
2.57,2.50000000e-04
2.58,2.50000000e-04
2.59,2.50000000e-04
2.60,2.50000000e-04
2.61,2.50000000e-04
2.62,2.50000000e-04
2.63,2.50000000e-04
2.64,2.50000000e-04
2.65,2.50000000e-04
2.66,2.50000000e-04
2.67,2.50000000e-04
2.68,2.50000000e-04
2.69,2.50000000e-04
2.70,2.50000000e-04
2.71,2.50000000e-04
2.72,2.50000000e-04
2.73,2.50000000e-04
2.74,2.50000000e-04
2.75,2.50000000e-04
2.76,2.50000000e-04
2.77,2.50000000e-04
2.78,2.50000000e-04
2.79,2.50000000e-04
2.80,2.50000000e-04
2.81,2.50000000e-04
2.82,2.50000000e-04
2.83,2.50000000e-04
2.84,2.50000000e-04
2.85,2.50000000e-04
2.86,2.50000000e-04
2.87,2.50000000e-04
2.88,2.50000000e-04
2.89,2.50000000e-04
2.90,2.50000000e-04
2.91,2.50000000e-04
2.92,2.50000000e-04
2.93,2.50000000e-04
2.94,2.50000000e-04
2.95,2.50000000e-04
2.96,2.50000000e-04
2.97,2.50000000e-04
2.98,2.50000000e-04
2.99,2.50000000e-04
3.00,2.50000000e-04
3.01,2.50000000e-04
3.02,2.50000000e-04
3.03,2.50000000e-04
3.04,2.50000000e-04
3.05,2.50000000e-04
3.06,2.50000000e-04
3.07,2.50000000e-04
3.08,2.50000000e-04
3.09,2.50000000e-04
3.10,2.50000000e-04
3.11,2.50000000e-04
3.12,2.50000000e-04
3.13,2.50000000e-04
3.14,2.50000000e-04
3.15,2.50000000e-04
3.16,2.50000000e-04
3.17,2.50000000e-04
3.18,2.50000000e-04
3.19,2.50000000e-04
3.20,2.50000000e-04
3.21,2.50000000e-04
3.22,2.50000000e-04
3.23,2.50000000e-04
3.24,2.50000000e-04
3.25,2.50000000e-04
3.26,2.50000000e-04
3.27,2.50000000e-04
3.28,2.50000000e-04
3.29,2.50000000e-04
3.30,2.50000000e-04
3.31,2.50000000e-04
3.32,2.50000000e-04
3.33,2.50000000e-04
3.34,2.50000000e-04
3.35,2.50000000e-04
3.36,2.50000000e-04
3.37,2.50000000e-04
3.38,2.50000000e-04
3.39,2.50000000e-04
3.40,2.50000000e-04
3.41,2.50000000e-04
3.42,2.50000000e-04
3.43,2.50000000e-04
3.44,2.50000000e-04
3.45,2.50000000e-04
3.46,2.50000000e-04
3.47,2.50000000e-04
3.48,2.50000000e-04
3.49,2.50000000e-04
3.50,2.50000000e-04
3.51,2.50000000e-04
3.52,2.50000000e-04
3.53,2.50000000e-04
3.54,2.50000000e-04
3.55,2.50000000e-04
3.56,2.50000000e-04
3.57,2.50000000e-04
3.58,2.50000000e-04
3.59,2.50000000e-04
3.60,2.50000000e-04
3.61,2.50000000e-04
3.62,2.50000000e-04
3.63,2.50000000e-04
3.64,2.50000000e-04
3.65,2.50000000e-04
3.66,2.50000000e-04
3.67,2.50000000e-04
3.68,2.50000000e-04
3.69,2.50000000e-04
3.70,2.50000000e-04
3.71,2.50000000e-04
3.72,2.50000000e-04
3.73,2.50000000e-04
3.74,2.50000000e-04
3.75,2.50000000e-04
3.76,2.50000000e-04
3.77,2.50000000e-04
3.78,2.50000000e-04
3.79,2.50000000e-04
3.80,2.50000000e-04
3.81,2.50000000e-04
3.82,2.50000000e-04
3.83,2.50000000e-04
3.84,2.50000000e-04
3.85,2.50000000e-04
3.86,2.50000000e-04
3.87,2.50000000e-04
3.88,2.50000000e-04
3.89,2.50000000e-04
3.90,2.50000000e-04
3.91,2.50000000e-04
3.92,2.50000000e-04
3.93,2.50000000e-04
3.94,2.50000000e-04
3.95,2.50000000e-04
3.96,2.50000000e-04
3.97,2.50000000e-04
3.98,2.50000000e-04
3.99,2.50000000e-04
4.00,2.50000000e-04
4.01,2.50000000e-04
4.02,2.50000000e-04
4.03,2.50000000e-04
4.04,2.50000000e-04
4.05,2.50000000e-04
4.06,2.50000000e-04
4.07,2.50000000e-04
4.08,2.50000000e-04
4.09,2.50000000e-04
4.10,2.50000000e-04
4.11,2.50000000e-04
4.12,2.50000000e-04
4.13,2.50000000e-04
4.14,2.50000000e-04
4.15,2.50000000e-04
4.16,2.50000000e-04
4.17,2.50000000e-04
4.18,2.50000000e-04
4.19,2.50000000e-04
4.20,2.50000000e-04
4.21,2.50000000e-04
4.22,2.50000000e-04
4.23,2.50000000e-04
4.24,2.50000000e-04
4.25,2.50000000e-04
4.26,2.50000000e-04
4.27,2.50000000e-04
4.28,2.50000000e-04
4.29,2.50000000e-04
4.30,2.50000000e-04
4.31,2.50000000e-04
4.32,2.50000000e-04
4.33,2.50000000e-04
4.34,2.50000000e-04
4.35,2.50000000e-04
4.36,2.50000000e-04
4.37,2.50000000e-04
4.38,2.50000000e-04
4.39,2.50000000e-04
4.40,2.50000000e-04
4.41,2.50000000e-04
4.42,2.50000000e-04
4.43,2.50000000e-04
4.44,2.50000000e-04
4.45,2.50000000e-04
4.46,2.50000000e-04
4.47,2.50000000e-04
4.48,2.50000000e-04
4.49,2.50000000e-04
4.50,2.50000000e-04
4.51,2.50000000e-04
4.52,2.50000000e-04
4.53,2.50000000e-04
4.54,2.50000000e-04
4.55,2.50000000e-04
4.56,2.50000000e-04
4.57,2.50000000e-04
4.58,2.50000000e-04
4.59,2.50000000e-04
4.60,2.50000000e-04
4.61,2.50000000e-04
4.62,2.50000000e-04
4.63,2.50000000e-04
4.64,2.50000000e-04
4.65,2.50000000e-04
4.66,2.50000000e-04
4.67,2.50000000e-04
4.68,2.50000000e-04
4.69,2.50000000e-04
4.70,2.50000000e-04
4.71,2.50000000e-04
4.72,2.50000000e-04
4.73,2.50000000e-04
4.74,2.50000000e-04
4.75,2.50000000e-04
4.76,2.50000000e-04
4.77,2.50000000e-04
4.78,2.50000000e-04
4.79,2.50000000e-04
4.80,2.50000000e-04
4.81,2.50000000e-04
4.82,2.50000000e-04
4.83,2.50000000e-04
4.84,2.50000000e-04
4.85,2.50000000e-04
4.86,2.50000000e-04
4.87,2.50000000e-04
4.88,2.50000000e-04
4.89,2.50000000e-04
4.90,2.50000000e-04
4.91,2.50000000e-04
4.92,2.50000000e-04
4.93,2.50000000e-04
4.94,2.50000000e-04
4.95,2.50000000e-04
4.96,2.50000000e-04
4.97,2.50000000e-04
4.98,2.50000000e-04
4.99,2.50000000e-04
5.00,2.50000000e-04
5.01,2.50000000e-04
5.02,2.50000000e-04
5.03,2.50000000e-04
5.04,2.50000000e-04
5.05,2.50000000e-04
5.06,2.50000000e-04
5.07,2.50000000e-04
5.08,2.50000000e-04
5.09,2.50000000e-04
5.10,2.50000000e-04
5.11,2.50000000e-04
5.12,2.50000000e-04
5.13,2.50000000e-04
5.14,2.50000000e-04
5.15,2.50000000e-04
5.16,2.50000000e-04
5.17,2.50000000e-04
5.18,2.50000000e-04
5.19,2.50000000e-04
5.20,2.50000000e-04
5.21,2.50000000e-04
5.22,2.50000000e-04
5.23,2.50000000e-04
5.24,2.50000000e-04
5.25,2.50000000e-04
5.26,2.50000000e-04
5.27,2.50000000e-04
5.28,2.50000000e-04
5.29,2.50000000e-04
5.30,2.50000000e-04
5.31,2.50000000e-04
5.32,2.50000000e-04
5.33,2.50000000e-04
5.34,2.50000000e-04
5.35,2.50000000e-04
5.36,2.50000000e-04
5.37,2.50000000e-04
5.38,2.50000000e-04
5.39,2.50000000e-04
5.40,2.50000000e-04
5.41,2.50000000e-04
5.42,2.50000000e-04
5.43,2.50000000e-04
5.44,2.50000000e-04
5.45,2.50000000e-04
5.46,2.50000000e-04
5.47,2.50000000e-04
5.48,2.50000000e-04
5.49,2.50000000e-04
5.50,2.50000000e-04
5.51,2.50000000e-04
5.52,2.50000000e-04
5.53,2.50000000e-04
5.54,2.50000000e-04
5.55,2.50000000e-04
5.56,2.50000000e-04
5.57,2.50000000e-04
5.58,2.50000000e-04
5.59,2.50000000e-04
5.60,2.50000000e-04
5.61,2.50000000e-04
5.62,2.50000000e-04
5.63,2.50000000e-04
5.64,2.50000000e-04
5.65,2.50000000e-04
5.66,2.50000000e-04
5.67,2.50000000e-04
5.68,2.50000000e-04
5.69,2.50000000e-04
5.70,2.50000000e-04
5.71,2.50000000e-04
5.72,2.50000000e-04
5.73,2.50000000e-04
5.74,2.50000000e-04
5.75,2.50000000e-04
5.76,2.50000000e-04
5.77,2.50000000e-04
5.78,2.50000000e-04
5.79,2.50000000e-04
5.80,2.50000000e-04
5.81,2.50000000e-04
5.82,2.50000000e-04
5.83,2.50000000e-04
5.84,2.50000000e-04
5.85,2.50000000e-04
5.86,2.50000000e-04
5.87,2.50000000e-04
5.88,2.50000000e-04
5.89,2.50000000e-04
5.90,2.50000000e-04
5.91,2.50000000e-04
5.92,2.50000000e-04
5.93,2.50000000e-04
5.94,2.50000000e-04
5.95,2.50000000e-04
5.96,2.50000000e-04
5.97,2.50000000e-04
5.98,2.50000000e-04
5.99,2.50000000e-04
6.00,2.50000000e-04
6.01,2.50000000e-04
6.02,2.50000000e-04
6.03,2.50000000e-04
6.04,2.50000000e-04
6.05,2.50000000e-04
6.06,2.50000000e-04
6.07,2.50000000e-04
6.08,2.50000000e-04
6.09,2.50000000e-04
6.10,2.50000000e-04
6.11,2.50000000e-04
6.12,2.50000000e-04
6.13,2.50000000e-04
6.14,2.50000000e-04
6.15,2.50000000e-04
6.16,2.50000000e-04
6.17,2.50000000e-04
6.18,2.50000000e-04
6.19,2.50000000e-04
6.20,2.50000000e-04
6.21,2.50000000e-04
6.22,2.50000000e-04
6.23,2.50000000e-04
6.24,2.50000000e-04
6.25,2.50000000e-04
6.26,2.50000000e-04
6.27,2.50000000e-04
6.28,2.50000000e-04
6.29,2.50000000e-04
6.30,2.50000000e-04
6.31,2.50000000e-04
6.32,2.50000000e-04
6.33,2.50000000e-04
6.34,2.50000000e-04
6.35,2.50000000e-04
6.36,2.50000000e-04
6.37,2.50000000e-04
6.38,2.50000000e-04
6.39,2.50000000e-04
6.40,2.50000000e-04
6.41,2.50000000e-04
6.42,2.50000000e-04
6.43,2.50000000e-04
6.44,2.50000000e-04
6.45,2.50000000e-04
6.46,2.50000000e-04
6.47,2.50000000e-04
6.48,2.50000000e-04
6.49,2.50000000e-04
6.50,2.50000000e-04
6.51,2.50000000e-04
6.52,2.50000000e-04
6.53,2.50000000e-04
6.54,2.50000000e-04
6.55,2.50000000e-04
6.56,2.50000000e-04
6.57,2.50000000e-04
6.58,2.50000000e-04
6.59,2.50000000e-04
6.60,2.50000000e-04
6.61,2.50000000e-04
6.62,2.50000000e-04
6.63,2.50000000e-04
6.64,2.50000000e-04
6.65,2.50000000e-04
6.66,2.50000000e-04
6.67,2.50000000e-04
6.68,2.50000000e-04
6.69,2.50000000e-04
6.70,2.50000000e-04
6.71,2.50000000e-04
6.72,2.50000000e-04
6.73,2.50000000e-04
6.74,2.50000000e-04
6.75,2.50000000e-04
6.76,2.50000000e-04
6.77,2.50000000e-04
6.78,2.50000000e-04
6.79,2.50000000e-04
6.80,2.50000000e-04
6.81,2.50000000e-04
6.82,2.50000000e-04
6.83,2.50000000e-04
6.84,2.50000000e-04
6.85,2.50000000e-04
6.86,2.50000000e-04
6.87,2.50000000e-04
6.88,2.50000000e-04
6.89,2.50000000e-04
6.90,2.50000000e-04
6.91,2.50000000e-04
6.92,2.50000000e-04
6.93,2.50000000e-04
6.94,2.50000000e-04
6.95,2.50000000e-04
6.96,2.50000000e-04
6.97,2.50000000e-04
6.98,2.50000000e-04
6.99,2.50000000e-04
7.00,2.50000000e-04
7.01,2.50000000e-04
7.02,2.50000000e-04
7.03,2.50000000e-04
7.04,2.50000000e-04
7.05,2.50000000e-04
7.06,2.50000000e-04
7.07,2.50000000e-04
7.08,2.50000000e-04
7.09,2.50000000e-04
7.10,2.50000000e-04
7.11,2.50000000e-04
7.12,2.50000000e-04
7.13,2.50000000e-04
7.14,2.50000000e-04
7.15,2.50000000e-04
7.16,2.50000000e-04
7.17,2.50000000e-04
7.18,2.50000000e-04
7.19,2.50000000e-04
7.20,2.50000000e-04
7.21,2.50000000e-04
7.22,2.50000000e-04
7.23,2.50000000e-04
7.24,2.50000000e-04
7.25,2.50000000e-04
7.26,2.50000000e-04
7.27,2.50000000e-04
7.28,2.50000000e-04
7.29,2.50000000e-04
7.30,2.50000000e-04
7.31,2.50000000e-04
7.32,2.50000000e-04
7.33,2.50000000e-04
7.34,2.50000000e-04
7.35,2.50000000e-04
7.36,2.50000000e-04
7.37,2.50000000e-04
7.38,2.50000000e-04
7.39,2.50000000e-04
7.40,2.50000000e-04
7.41,2.50000000e-04
7.42,2.50000000e-04
7.43,2.50000000e-04
7.44,2.50000000e-04
7.45,2.50000000e-04
7.46,2.50000000e-04
7.47,2.50000000e-04
7.48,2.50000000e-04
7.49,2.50000000e-04
7.50,2.50000000e-04
7.51,2.50000000e-04
7.52,2.50000000e-04
7.53,2.50000000e-04
7.54,2.50000000e-04
7.55,2.50000000e-04
7.56,2.50000000e-04
7.57,2.50000000e-04
7.58,2.50000000e-04
7.59,2.50000000e-04
7.60,2.50000000e-04
7.61,2.50000000e-04
7.62,2.50000000e-04
7.63,2.50000000e-04
7.64,2.50000000e-04
7.65,2.50000000e-04
7.66,2.50000000e-04
7.67,2.50000000e-04
7.68,2.50000000e-04
7.69,2.50000000e-04
7.70,2.50000000e-04
7.71,2.50000000e-04
7.72,2.50000000e-04
7.73,2.50000000e-04
7.74,2.50000000e-04
7.75,2.50000000e-04
7.76,2.50000000e-04
7.77,2.50000000e-04
7.78,2.50000000e-04
7.79,2.50000000e-04
7.80,2.50000000e-04
7.81,2.50000000e-04
7.82,2.50000000e-04
7.83,2.50000000e-04
7.84,2.50000000e-04
7.85,2.50000000e-04
7.86,2.50000000e-04
7.87,2.50000000e-04
7.88,2.50000000e-04
7.89,2.50000000e-04
7.90,2.50000000e-04
7.91,2.50000000e-04
7.92,2.50000000e-04
7.93,2.50000000e-04
7.94,2.50000000e-04
7.95,2.50000000e-04
7.96,2.50000000e-04
7.97,2.50000000e-04
7.98,2.50000000e-04
7.99,2.50000000e-04
8.00,2.50000000e-04
8.01,2.50000000e-04
8.02,2.50000000e-04
8.03,2.50000000e-04
8.04,2.50000000e-04
8.05,2.50000000e-04
8.06,2.50000000e-04
8.07,2.50000000e-04
8.08,2.50000000e-04
8.09,2.50000000e-04
8.10,2.50000000e-04
8.11,2.50000000e-04
8.12,2.50000000e-04
8.13,2.50000000e-04
8.14,2.50000000e-04
8.15,2.50000000e-04
8.16,2.50000000e-04
8.17,2.50000000e-04
8.18,2.50000000e-04
8.19,2.50000000e-04
8.20,2.50000000e-04
8.21,2.50000000e-04
8.22,2.50000000e-04
8.23,2.50000000e-04
8.24,2.50000000e-04
8.25,2.50000000e-04
8.26,2.50000000e-04
8.27,2.50000000e-04
8.28,2.50000000e-04
8.29,2.50000000e-04
8.30,2.50000000e-04
8.31,2.50000000e-04
8.32,2.50000000e-04
8.33,2.50000000e-04
8.34,2.50000000e-04
8.35,2.50000000e-04
8.36,2.50000000e-04
8.37,2.50000000e-04
8.38,2.50000000e-04
8.39,2.50000000e-04
8.40,2.50000000e-04
8.41,2.50000000e-04
8.42,2.50000000e-04
8.43,2.50000000e-04
8.44,2.50000000e-04
8.45,2.50000000e-04
8.46,2.50000000e-04
8.47,2.50000000e-04
8.48,2.50000000e-04
8.49,2.50000000e-04
8.50,2.50000000e-04
8.51,2.50000000e-04
8.52,2.50000000e-04
8.53,2.50000000e-04
8.54,2.50000000e-04
8.55,2.50000000e-04
8.56,2.50000000e-04
8.57,2.50000000e-04
8.58,2.50000000e-04
8.59,2.50000000e-04
8.60,2.50000000e-04
8.61,2.50000000e-04
8.62,2.50000000e-04
8.63,2.50000000e-04
8.64,2.50000000e-04
8.65,2.50000000e-04
8.66,2.50000000e-04
8.67,2.50000000e-04
8.68,2.50000000e-04
8.69,2.50000000e-04
8.70,2.50000000e-04
8.71,2.50000000e-04
8.72,2.50000000e-04
8.73,2.50000000e-04
8.74,2.50000000e-04
8.75,2.50000000e-04
8.76,2.50000000e-04
8.77,2.50000000e-04
8.78,2.50000000e-04
8.79,2.50000000e-04
8.80,2.50000000e-04
8.81,2.50000000e-04
8.82,2.50000000e-04
8.83,2.50000000e-04
8.84,2.50000000e-04
8.85,2.50000000e-04
8.86,2.50000000e-04
8.87,2.50000000e-04
8.88,2.50000000e-04
8.89,2.50000000e-04
8.90,2.50000000e-04
8.91,2.50000000e-04
8.92,2.50000000e-04
8.93,2.50000000e-04
8.94,2.50000000e-04
8.95,2.50000000e-04
8.96,2.50000000e-04
8.97,2.50000000e-04
8.98,2.50000000e-04
8.99,2.50000000e-04
9.00,2.50000000e-04
9.01,2.50000000e-04
9.02,2.50000000e-04
9.03,2.50000000e-04
9.04,2.50000000e-04
9.05,2.50000000e-04
9.06,2.50000000e-04
9.07,2.50000000e-04
9.08,2.50000000e-04
9.09,2.50000000e-04
9.10,2.50000000e-04
9.11,2.50000000e-04
9.12,2.50000000e-04
9.13,2.50000000e-04
9.14,2.50000000e-04
9.15,2.50000000e-04
9.16,2.50000000e-04
9.17,2.50000000e-04
9.18,2.50000000e-04
9.19,2.50000000e-04
9.20,2.50000000e-04
9.21,2.50000000e-04
9.22,2.50000000e-04
9.23,2.50000000e-04
9.24,2.50000000e-04
9.25,2.50000000e-04
9.26,2.50000000e-04
9.27,2.50000000e-04
9.28,2.50000000e-04
9.29,2.50000000e-04
9.30,2.50000000e-04
9.31,2.50000000e-04
9.32,2.50000000e-04
9.33,2.50000000e-04
9.34,2.50000000e-04
9.35,2.50000000e-04
9.36,2.50000000e-04
9.37,2.50000000e-04
9.38,2.50000000e-04
9.39,2.50000000e-04
9.40,2.50000000e-04
9.41,2.50000000e-04
9.42,2.50000000e-04
9.43,2.50000000e-04
9.44,2.50000000e-04
9.45,2.50000000e-04
9.46,2.50000000e-04
9.47,2.50000000e-04
9.48,2.50000000e-04
9.49,2.50000000e-04
9.50,2.50000000e-04
9.51,2.50000000e-04
9.52,2.50000000e-04
9.53,2.50000000e-04
9.54,2.50000000e-04
9.55,2.50000000e-04
9.56,2.50000000e-04
9.57,2.50000000e-04
9.58,2.50000000e-04
9.59,2.50000000e-04
9.60,2.50000000e-04
9.61,2.50000000e-04
9.62,2.50000000e-04
9.63,2.50000000e-04
9.64,2.50000000e-04
9.65,2.50000000e-04
9.66,2.50000000e-04
9.67,2.50000000e-04
9.68,2.50000000e-04
9.69,2.50000000e-04
9.70,2.50000000e-04
9.71,2.50000000e-04
9.72,2.50000000e-04
9.73,2.50000000e-04
9.74,2.50000000e-04
9.75,2.50000000e-04
9.76,2.50000000e-04
9.77,2.50000000e-04
9.78,2.50000000e-04
9.79,2.50000000e-04
9.80,2.50000000e-04
9.81,2.50000000e-04
9.82,2.50000000e-04
9.83,2.50000000e-04
9.84,2.50000000e-04
9.85,2.50000000e-04
9.86,2.50000000e-04
9.87,2.50000000e-04
9.88,2.50000000e-04
9.89,2.50000000e-04
9.90,2.50000000e-04
9.91,2.50000000e-04
9.92,2.50000000e-04
9.93,2.50000000e-04
9.94,2.50000000e-04
9.95,2.50000000e-04
9.96,2.50000000e-04
9.97,2.50000000e-04
9.98,2.50000000e-04
9.99,2.50000000e-04
10.00,2.50000000e-04
10.01,2.50000000e-04
10.02,2.50000000e-04
10.03,2.50000000e-04
10.04,2.50000000e-04
10.05,2.50000000e-04
10.06,2.50000000e-04
10.07,2.50000000e-04
10.08,2.50000000e-04
10.09,2.50000000e-04
10.10,2.50000000e-04
10.11,2.50000000e-04
10.12,2.50000000e-04
10.13,2.50000000e-04
10.14,2.50000000e-04
10.15,2.50000000e-04
10.16,2.50000000e-04
10.17,2.50000000e-04
10.18,2.50000000e-04
10.19,2.50000000e-04
10.20,2.50000000e-04
10.21,2.50000000e-04
10.22,2.50000000e-04
10.23,2.50000000e-04
10.24,2.50000000e-04
10.25,2.50000000e-04
10.26,2.50000000e-04
10.27,2.50000000e-04
10.28,2.50000000e-04
10.29,2.50000000e-04
10.30,2.50000000e-04
10.31,2.50000000e-04
10.32,2.50000000e-04
10.33,2.50000000e-04
10.34,2.50000000e-04
10.35,2.50000000e-04
10.36,2.50000000e-04
10.37,2.50000000e-04
10.38,2.50000000e-04
10.39,2.50000000e-04
10.40,2.50000000e-04
10.41,2.50000000e-04
10.42,2.50000000e-04
10.43,2.50000000e-04
10.44,2.50000000e-04
10.45,2.50000000e-04
10.46,2.50000000e-04
10.47,2.50000000e-04
10.48,2.50000000e-04
10.49,2.50000000e-04
10.50,2.50000000e-04
10.51,2.50000000e-04
10.52,2.50000000e-04
10.53,2.50000000e-04
10.54,2.50000000e-04
10.55,2.50000000e-04
10.56,2.50000000e-04
10.57,2.50000000e-04
10.58,2.50000000e-04
10.59,2.50000000e-04
10.60,2.50000000e-04
10.61,2.50000000e-04
10.62,2.50000000e-04
10.63,2.50000000e-04
10.64,2.50000000e-04
10.65,2.50000000e-04
10.66,2.50000000e-04
10.67,2.50000000e-04
10.68,2.50000000e-04
10.69,2.50000000e-04
10.70,2.50000000e-04
10.71,2.50000000e-04
10.72,2.50000000e-04
10.73,2.50000000e-04
10.74,2.50000000e-04
10.75,2.50000000e-04
10.76,2.50000000e-04
10.77,2.50000000e-04
10.78,2.50000000e-04
10.79,2.50000000e-04
10.80,2.50000000e-04
10.81,2.50000000e-04
10.82,2.50000000e-04
10.83,2.50000000e-04
10.84,2.50000000e-04
10.85,2.50000000e-04
10.86,2.50000000e-04
10.87,2.50000000e-04
10.88,2.50000000e-04
10.89,2.50000000e-04
10.90,2.50000000e-04
10.91,2.50000000e-04
10.92,2.50000000e-04
10.93,2.50000000e-04
10.94,2.50000000e-04
10.95,2.50000000e-04
10.96,2.50000000e-04
10.97,2.50000000e-04
10.98,2.50000000e-04
10.99,2.50000000e-04
11.00,2.50000000e-04
11.01,2.50000000e-04
11.02,2.50000000e-04
11.03,2.50000000e-04
11.04,2.50000000e-04
11.05,2.50000000e-04
11.06,2.50000000e-04
11.07,2.50000000e-04
11.08,2.50000000e-04
11.09,2.50000000e-04
11.10,2.50000000e-04
11.11,2.50000000e-04
11.12,2.50000000e-04
11.13,2.50000000e-04
11.14,2.50000000e-04
11.15,2.50000000e-04
11.16,2.50000000e-04
11.17,2.50000000e-04
11.18,2.50000000e-04
11.19,2.50000000e-04
11.20,2.50000000e-04
11.21,2.50000000e-04
11.22,2.50000000e-04
11.23,2.50000000e-04
11.24,2.50000000e-04
11.25,2.50000000e-04
11.26,2.50000000e-04
11.27,2.50000000e-04
11.28,2.50000000e-04
11.29,2.50000000e-04
11.30,2.50000000e-04
11.31,2.50000000e-04
11.32,2.50000000e-04
11.33,2.50000000e-04
11.34,2.50000000e-04
11.35,2.50000000e-04
11.36,2.50000000e-04
11.37,2.50000000e-04
11.38,2.50000000e-04
11.39,2.50000000e-04
11.40,2.50000000e-04
11.41,2.50000000e-04
11.42,2.50000000e-04
11.43,2.50000000e-04
11.44,2.50000000e-04
11.45,2.50000000e-04
11.46,2.50000000e-04
11.47,2.50000000e-04
11.48,2.50000000e-04
11.49,2.50000000e-04
11.50,2.50000000e-04
11.51,2.50000000e-04
11.52,2.50000000e-04
11.53,2.50000000e-04
11.54,2.50000000e-04
11.55,2.50000000e-04
11.56,2.50000000e-04
11.57,2.50000000e-04
11.58,2.50000000e-04
11.59,2.50000000e-04
11.60,2.50000000e-04
11.61,2.50000000e-04
11.62,2.50000000e-04
11.63,2.50000000e-04
11.64,2.50000000e-04
11.65,2.50000000e-04
11.66,2.50000000e-04
11.67,2.50000000e-04
11.68,2.50000000e-04
11.69,2.50000000e-04
11.70,2.50000000e-04
11.71,2.50000000e-04
11.72,2.50000000e-04
11.73,2.50000000e-04
11.74,2.50000000e-04
11.75,2.50000000e-04
11.76,2.50000000e-04
11.77,2.50000000e-04
11.78,2.50000000e-04
11.79,2.50000000e-04
11.80,2.50000000e-04
11.81,2.50000000e-04
11.82,2.50000000e-04
11.83,2.50000000e-04
11.84,2.50000000e-04
11.85,2.50000000e-04
11.86,2.50000000e-04
11.87,2.50000000e-04
11.88,2.50000000e-04
11.89,2.50000000e-04
11.90,2.50000000e-04
11.91,2.50000000e-04
11.92,2.50000000e-04
11.93,2.50000000e-04
11.94,2.50000000e-04
11.95,2.50000000e-04
11.96,2.50000000e-04
11.97,2.50000000e-04
11.98,2.50000000e-04
11.99,2.50000000e-04
12.00,2.50000000e-04
12.01,2.50000000e-04
12.02,2.50000000e-04
12.03,2.50000000e-04
12.04,2.50000000e-04
12.05,2.50000000e-04
12.06,2.50000000e-04
12.07,2.50000000e-04
12.08,2.50000000e-04
12.09,2.50000000e-04
12.10,2.50000000e-04
12.11,2.50000000e-04
12.12,2.50000000e-04
12.13,2.50000000e-04
12.14,2.50000000e-04
12.15,2.50000000e-04
12.16,2.50000000e-04
12.17,2.50000000e-04
12.18,2.50000000e-04
12.19,2.50000000e-04
12.20,2.50000000e-04
12.21,2.50000000e-04
12.22,2.50000000e-04
12.23,2.50000000e-04
12.24,2.50000000e-04
12.25,2.50000000e-04
12.26,2.50000000e-04
12.27,2.50000000e-04
12.28,2.50000000e-04
12.29,2.50000000e-04
12.30,2.50000000e-04
12.31,2.50000000e-04
12.32,2.50000000e-04
12.33,2.50000000e-04
12.34,2.50000000e-04
12.35,2.50000000e-04
12.36,2.50000000e-04
12.37,2.50000000e-04
12.38,2.50000000e-04
12.39,2.50000000e-04
12.40,2.50000000e-04
12.41,2.50000000e-04
12.42,2.50000000e-04
12.43,2.50000000e-04
12.44,2.50000000e-04
12.45,2.50000000e-04
12.46,2.50000000e-04
12.47,2.50000000e-04
12.48,2.50000000e-04
12.49,2.50000000e-04
12.50,2.50000000e-04
12.51,2.50000000e-04
12.52,2.50000000e-04
12.53,2.50000000e-04
12.54,2.50000000e-04
12.55,2.50000000e-04
12.56,2.50000000e-04
12.57,2.50000000e-04
12.58,2.50000000e-04
12.59,2.50000000e-04
12.60,2.50000000e-04
12.61,2.50000000e-04
12.62,2.50000000e-04
12.63,2.50000000e-04
12.64,2.50000000e-04
12.65,2.50000000e-04
12.66,2.50000000e-04
12.67,2.50000000e-04
12.68,2.50000000e-04
12.69,2.50000000e-04
12.70,2.50000000e-04
12.71,2.50000000e-04
12.72,2.50000000e-04
12.73,2.50000000e-04
12.74,2.50000000e-04
12.75,2.50000000e-04
12.76,2.50000000e-04
12.77,2.50000000e-04
12.78,2.50000000e-04
12.79,2.50000000e-04
12.80,2.50000000e-04
12.81,2.50000000e-04
12.82,2.50000000e-04
12.83,2.50000000e-04
12.84,2.50000000e-04
12.85,2.50000000e-04
12.86,2.50000000e-04
12.87,2.50000000e-04
12.88,2.50000000e-04
12.89,2.50000000e-04
12.90,2.50000000e-04
12.91,2.50000000e-04
12.92,2.50000000e-04
12.93,2.50000000e-04
12.94,2.50000000e-04
12.95,2.50000000e-04
12.96,2.50000000e-04
12.97,2.50000000e-04
12.98,2.50000000e-04
12.99,2.50000000e-04
13.00,2.50000000e-04
13.01,2.50000000e-04
13.02,2.50000000e-04
13.03,2.50000000e-04
13.04,2.50000000e-04
13.05,2.50000000e-04
13.06,2.50000000e-04
13.07,2.50000000e-04
13.08,2.50000000e-04
13.09,2.50000000e-04
13.10,2.50000000e-04
13.11,2.50000000e-04
13.12,2.50000000e-04
13.13,2.50000000e-04
13.14,2.50000000e-04
13.15,2.50000000e-04
13.16,2.50000000e-04
13.17,2.50000000e-04
13.18,2.50000000e-04
13.19,2.50000000e-04
13.20,2.50000000e-04
13.21,2.50000000e-04
13.22,2.50000000e-04
13.23,2.50000000e-04
13.24,2.50000000e-04
13.25,2.50000000e-04
13.26,2.50000000e-04
13.27,2.50000000e-04
13.28,2.50000000e-04
13.29,2.50000000e-04
13.30,2.50000000e-04
13.31,2.50000000e-04
13.32,2.50000000e-04
13.33,2.50000000e-04
13.34,2.50000000e-04
13.35,2.50000000e-04
13.36,2.50000000e-04
13.37,2.50000000e-04
13.38,2.50000000e-04
13.39,2.50000000e-04
13.40,2.50000000e-04
13.41,2.50000000e-04
13.42,2.50000000e-04
13.43,2.50000000e-04
13.44,2.50000000e-04
13.45,2.50000000e-04
13.46,2.50000000e-04
13.47,2.50000000e-04
13.48,2.50000000e-04
13.49,2.50000000e-04
13.50,2.50000000e-04
13.51,2.50000000e-04
13.52,2.50000000e-04
13.53,2.50000000e-04
13.54,2.50000000e-04
13.55,2.50000000e-04
13.56,2.50000000e-04
13.57,2.50000000e-04
13.58,2.50000000e-04
13.59,2.50000000e-04
13.60,2.50000000e-04
13.61,2.50000000e-04
13.62,2.50000000e-04
13.63,2.50000000e-04
13.64,2.50000000e-04
13.65,2.50000000e-04
13.66,2.50000000e-04
13.67,2.50000000e-04
13.68,2.50000000e-04
13.69,2.50000000e-04
13.70,2.50000000e-04
13.71,2.50000000e-04
13.72,2.50000000e-04
13.73,2.50000000e-04
13.74,2.50000000e-04
13.75,2.50000000e-04
13.76,2.50000000e-04
13.77,2.50000000e-04
13.78,2.50000000e-04
13.79,2.50000000e-04
13.80,2.50000000e-04
13.81,2.50000000e-04
13.82,2.50000000e-04
13.83,2.50000000e-04
13.84,2.50000000e-04
13.85,2.50000000e-04
13.86,2.50000000e-04
13.87,2.50000000e-04
13.88,2.50000000e-04
13.89,2.50000000e-04
13.90,2.50000000e-04
13.91,2.50000000e-04
13.92,2.50000000e-04
13.93,2.50000000e-04
13.94,2.50000000e-04
13.95,2.50000000e-04
13.96,2.50000000e-04
13.97,2.50000000e-04
13.98,2.50000000e-04
13.99,2.50000000e-04
14.00,2.50000000e-04
14.01,2.50000000e-04
14.02,2.50000000e-04
14.03,2.50000000e-04
14.04,2.50000000e-04
14.05,2.50000000e-04
14.06,2.50000000e-04
14.07,2.50000000e-04
14.08,2.50000000e-04
14.09,2.50000000e-04
14.10,2.50000000e-04
14.11,2.50000000e-04
14.12,2.50000000e-04
14.13,2.50000000e-04
14.14,2.50000000e-04
14.15,2.50000000e-04
14.16,2.50000000e-04
14.17,2.50000000e-04
14.18,2.50000000e-04
14.19,2.50000000e-04
14.20,2.50000000e-04
14.21,2.50000000e-04
14.22,2.50000000e-04
14.23,2.50000000e-04
14.24,2.50000000e-04
14.25,2.50000000e-04
14.26,2.50000000e-04
14.27,2.50000000e-04
14.28,2.50000000e-04
14.29,2.50000000e-04
14.30,2.50000000e-04
14.31,2.50000000e-04
14.32,2.50000000e-04
14.33,2.50000000e-04
14.34,2.50000000e-04
14.35,2.50000000e-04
14.36,2.50000000e-04
14.37,2.50000000e-04
14.38,2.50000000e-04
14.39,2.50000000e-04
14.40,2.50000000e-04
14.41,2.50000000e-04
14.42,2.50000000e-04
14.43,2.50000000e-04
14.44,2.50000000e-04
14.45,2.50000000e-04
14.46,2.50000000e-04
14.47,2.50000000e-04
14.48,2.50000000e-04
14.49,2.50000000e-04
14.50,2.50000000e-04
14.51,2.50000000e-04
14.52,2.50000000e-04
14.53,2.50000000e-04
14.54,2.50000000e-04
14.55,2.50000000e-04
14.56,2.50000000e-04
14.57,2.50000000e-04
14.58,2.50000000e-04
14.59,2.50000000e-04
14.60,2.50000000e-04
14.61,2.50000000e-04
14.62,2.50000000e-04
14.63,2.50000000e-04
14.64,2.50000000e-04
14.65,2.50000000e-04
14.66,2.50000000e-04
14.67,2.50000000e-04
14.68,2.50000000e-04
14.69,2.50000000e-04
14.70,2.50000000e-04
14.71,2.50000000e-04
14.72,2.50000000e-04
14.73,2.50000000e-04
14.74,2.50000000e-04
14.75,2.50000000e-04
14.76,2.50000000e-04
14.77,2.50000000e-04
14.78,2.50000000e-04
14.79,2.50000000e-04
14.80,2.50000000e-04
14.81,2.50000000e-04
14.82,2.50000000e-04
14.83,2.50000000e-04
14.84,2.50000000e-04
14.85,2.50000000e-04
14.86,2.50000000e-04
14.87,2.50000000e-04
14.88,2.50000000e-04
14.89,2.50000000e-04
14.90,2.50000000e-04
14.91,2.50000000e-04
14.92,2.50000000e-04
14.93,2.50000000e-04
14.94,2.50000000e-04
14.95,2.50000000e-04
14.96,2.50000000e-04
14.97,2.50000000e-04
14.98,2.50000000e-04
14.99,2.50000000e-04
15.00,2.50000000e-04
15.01,2.50000000e-04
15.02,2.50000000e-04
15.03,2.50000000e-04
15.04,2.50000000e-04
15.05,2.50000000e-04
15.06,2.50000000e-04
15.07,2.50000000e-04
15.08,2.50000000e-04
15.09,2.50000000e-04
15.10,2.50000000e-04
15.11,2.50000000e-04
15.12,2.50000000e-04
15.13,2.50000000e-04
15.14,2.50000000e-04
15.15,2.50000000e-04
15.16,2.50000000e-04
15.17,2.50000000e-04
15.18,2.50000000e-04
15.19,2.50000000e-04
15.20,2.50000000e-04
15.21,2.50000000e-04
15.22,2.50000000e-04
15.23,2.50000000e-04
15.24,2.50000000e-04
15.25,2.50000000e-04
15.26,2.50000000e-04
15.27,2.50000000e-04
15.28,2.50000000e-04
15.29,2.50000000e-04
15.30,2.50000000e-04
15.31,2.50000000e-04
15.32,2.50000000e-04
15.33,2.50000000e-04
15.34,2.50000000e-04
15.35,2.50000000e-04
15.36,2.50000000e-04
15.37,2.50000000e-04
15.38,2.50000000e-04
15.39,2.50000000e-04
15.40,2.50000000e-04
15.41,2.50000000e-04
15.42,2.50000000e-04
15.43,2.50000000e-04
15.44,2.50000000e-04
15.45,2.50000000e-04
15.46,2.50000000e-04
15.47,2.50000000e-04
15.48,2.50000000e-04
15.49,2.50000000e-04
15.50,2.50000000e-04
15.51,2.50000000e-04
15.52,2.50000000e-04
15.53,2.50000000e-04
15.54,2.50000000e-04
15.55,2.50000000e-04
15.56,2.50000000e-04
15.57,2.50000000e-04
15.58,2.50000000e-04
15.59,2.50000000e-04
15.60,2.50000000e-04
15.61,2.50000000e-04
15.62,2.50000000e-04
15.63,2.50000000e-04
15.64,2.50000000e-04
15.65,2.50000000e-04
15.66,2.50000000e-04
15.67,2.50000000e-04
15.68,2.50000000e-04
15.69,2.50000000e-04
15.70,2.50000000e-04
15.71,2.50000000e-04
15.72,2.50000000e-04
15.73,2.50000000e-04
15.74,2.50000000e-04
15.75,2.50000000e-04
15.76,2.50000000e-04
15.77,2.50000000e-04
15.78,2.50000000e-04
15.79,2.50000000e-04
15.80,2.50000000e-04
15.81,2.50000000e-04
15.82,2.50000000e-04
15.83,2.50000000e-04
15.84,2.50000000e-04
15.85,2.50000000e-04
15.86,2.50000000e-04
15.87,2.50000000e-04
15.88,2.50000000e-04
15.89,2.50000000e-04
15.90,2.50000000e-04
15.91,2.50000000e-04
15.92,2.50000000e-04
15.93,2.50000000e-04
15.94,2.50000000e-04
15.95,2.50000000e-04
15.96,2.50000000e-04
15.97,2.50000000e-04
15.98,2.50000000e-04
15.99,2.50000000e-04
16.00,2.50000000e-04
16.01,2.50000000e-04
16.02,2.50000000e-04
16.03,2.50000000e-04
16.04,2.50000000e-04
16.05,2.50000000e-04
16.06,2.50000000e-04
16.07,2.50000000e-04
16.08,2.50000000e-04
16.09,2.50000000e-04
16.10,2.50000000e-04
16.11,2.50000000e-04
16.12,2.50000000e-04
16.13,2.50000000e-04
16.14,2.50000000e-04
16.15,2.50000000e-04
16.16,2.50000000e-04
16.17,2.50000000e-04
16.18,2.50000000e-04
16.19,2.50000000e-04
16.20,2.50000000e-04
16.21,2.50000000e-04
16.22,2.50000000e-04
16.23,2.50000000e-04
16.24,2.50000000e-04
16.25,2.50000000e-04
16.26,2.50000000e-04
16.27,2.50000000e-04
16.28,2.50000000e-04
16.29,2.50000000e-04
16.30,2.50000000e-04
16.31,2.50000000e-04
16.32,2.50000000e-04
16.33,2.50000000e-04
16.34,2.50000000e-04
16.35,2.50000000e-04
16.36,2.50000000e-04
16.37,2.50000000e-04
16.38,2.50000000e-04
16.39,2.50000000e-04
16.40,2.50000000e-04
16.41,2.50000000e-04
16.42,2.50000000e-04
16.43,2.50000000e-04
16.44,2.50000000e-04
16.45,2.50000000e-04
16.46,2.50000000e-04
16.47,2.50000000e-04
16.48,2.50000000e-04
16.49,2.50000000e-04
16.50,2.50000000e-04
16.51,2.50000000e-04
16.52,2.50000000e-04
16.53,2.50000000e-04
16.54,2.50000000e-04
16.55,2.50000000e-04
16.56,2.50000000e-04
16.57,2.50000000e-04
16.58,2.50000000e-04
16.59,2.50000000e-04
16.60,2.50000000e-04
16.61,2.50000000e-04
16.62,2.50000000e-04
16.63,2.50000000e-04
16.64,2.50000000e-04
16.65,2.50000000e-04
16.66,2.50000000e-04
16.67,2.50000000e-04
16.68,2.50000000e-04
16.69,2.50000000e-04
16.70,2.50000000e-04
16.71,2.50000000e-04
16.72,2.50000000e-04
16.73,2.50000000e-04
16.74,2.50000000e-04
16.75,2.50000000e-04
16.76,2.50000000e-04
16.77,2.50000000e-04
16.78,2.50000000e-04
16.79,2.50000000e-04
16.80,2.50000000e-04
16.81,2.50000000e-04
16.82,2.50000000e-04
16.83,2.50000000e-04
16.84,2.50000000e-04
16.85,2.50000000e-04
16.86,2.50000000e-04
16.87,2.50000000e-04
16.88,2.50000000e-04
16.89,2.50000000e-04
16.90,2.50000000e-04
16.91,2.50000000e-04
16.92,2.50000000e-04
16.93,2.50000000e-04
16.94,2.50000000e-04
16.95,2.50000000e-04
16.96,2.50000000e-04
16.97,2.50000000e-04
16.98,2.50000000e-04
16.99,2.50000000e-04
17.00,2.50000000e-04
17.01,2.50000000e-04
17.02,2.50000000e-04
17.03,2.50000000e-04
17.04,2.50000000e-04
17.05,2.50000000e-04
17.06,2.50000000e-04
17.07,2.50000000e-04
17.08,2.50000000e-04
17.09,2.50000000e-04
17.10,2.50000000e-04
17.11,2.50000000e-04
17.12,2.50000000e-04
17.13,2.50000000e-04
17.14,2.50000000e-04
17.15,2.50000000e-04
17.16,2.50000000e-04
17.17,2.50000000e-04
17.18,2.50000000e-04
17.19,2.50000000e-04
17.20,2.50000000e-04
17.21,2.50000000e-04
17.22,2.50000000e-04
17.23,2.50000000e-04
17.24,2.50000000e-04
17.25,2.50000000e-04
17.26,2.50000000e-04
17.27,2.50000000e-04
17.28,2.50000000e-04
17.29,2.50000000e-04
17.30,2.50000000e-04
17.31,2.50000000e-04
17.32,2.50000000e-04
17.33,2.50000000e-04
17.34,2.50000000e-04
17.35,2.50000000e-04
17.36,2.50000000e-04
17.37,2.50000000e-04
17.38,2.50000000e-04
17.39,2.50000000e-04
17.40,2.50000000e-04
17.41,2.50000000e-04
17.42,2.50000000e-04
17.43,2.50000000e-04
17.44,2.50000000e-04
17.45,2.50000000e-04
17.46,2.50000000e-04
17.47,2.50000000e-04
17.48,2.50000000e-04
17.49,2.50000000e-04
17.50,2.50000000e-04
17.51,2.50000000e-04
17.52,2.50000000e-04
17.53,2.50000000e-04
17.54,2.50000000e-04
17.55,2.50000000e-04
17.56,2.50000000e-04
17.57,2.50000000e-04
17.58,2.50000000e-04
17.59,2.50000000e-04
17.60,2.50000000e-04
17.61,2.50000000e-04
17.62,2.50000000e-04
17.63,2.50000000e-04
17.64,2.50000000e-04
17.65,2.50000000e-04
17.66,2.50000000e-04
17.67,2.50000000e-04
17.68,2.50000000e-04
17.69,2.50000000e-04
17.70,2.50000000e-04
17.71,2.50000000e-04
17.72,2.50000000e-04
17.73,2.50000000e-04
17.74,2.50000000e-04
17.75,2.50000000e-04
17.76,2.50000000e-04
17.77,2.50000000e-04
17.78,2.50000000e-04
17.79,2.50000000e-04
17.80,2.50000000e-04
17.81,2.50000000e-04
17.82,2.50000000e-04
17.83,2.50000000e-04
17.84,2.50000000e-04
17.85,2.50000000e-04
17.86,2.50000000e-04
17.87,2.50000000e-04
17.88,2.50000000e-04
17.89,2.50000000e-04
17.90,2.50000000e-04
17.91,2.50000000e-04
17.92,2.50000000e-04
17.93,2.50000000e-04
17.94,2.50000000e-04
17.95,2.50000000e-04
17.96,2.50000000e-04
17.97,2.50000000e-04
17.98,2.50000000e-04
17.99,2.50000000e-04
18.00,2.50000000e-04
18.01,2.50000000e-04
18.02,2.50000000e-04
18.03,2.50000000e-04
18.04,2.50000000e-04
18.05,2.50000000e-04
18.06,2.50000000e-04
18.07,2.50000000e-04
18.08,2.50000000e-04
18.09,2.50000000e-04
18.10,2.50000000e-04
18.11,2.50000000e-04
18.12,2.50000000e-04
18.13,2.50000000e-04
18.14,2.50000000e-04
18.15,2.50000000e-04
18.16,2.50000000e-04
18.17,2.50000000e-04
18.18,2.50000000e-04
18.19,2.50000000e-04
18.20,2.50000000e-04
18.21,2.50000000e-04
18.22,2.50000000e-04
18.23,2.50000000e-04
18.24,2.50000000e-04
18.25,2.50000000e-04
18.26,2.50000000e-04
18.27,2.50000000e-04
18.28,2.50000000e-04
18.29,2.50000000e-04
18.30,2.50000000e-04
18.31,2.50000000e-04
18.32,2.50000000e-04
18.33,2.50000000e-04
18.34,2.50000000e-04
18.35,2.50000000e-04
18.36,2.50000000e-04
18.37,2.50000000e-04
18.38,2.50000000e-04
18.39,2.50000000e-04
18.40,2.50000000e-04
18.41,2.50000000e-04
18.42,2.50000000e-04
18.43,2.50000000e-04
18.44,2.50000000e-04
18.45,2.50000000e-04
18.46,2.50000000e-04
18.47,2.50000000e-04
18.48,2.50000000e-04
18.49,2.50000000e-04
18.50,2.50000000e-04
18.51,2.50000000e-04
18.52,2.50000000e-04
18.53,2.50000000e-04
18.54,2.50000000e-04
18.55,2.50000000e-04
18.56,2.50000000e-04
18.57,2.50000000e-04
18.58,2.50000000e-04
18.59,2.50000000e-04
18.60,2.50000000e-04
18.61,2.50000000e-04
18.62,2.50000000e-04
18.63,2.50000000e-04
18.64,2.50000000e-04
18.65,2.50000000e-04
18.66,2.50000000e-04
18.67,2.50000000e-04
18.68,2.50000000e-04
18.69,2.50000000e-04
18.70,2.50000000e-04
18.71,2.50000000e-04
18.72,2.50000000e-04
18.73,2.50000000e-04
18.74,2.50000000e-04
18.75,2.50000000e-04
18.76,2.50000000e-04
18.77,2.50000000e-04
18.78,2.50000000e-04
18.79,2.50000000e-04
18.80,2.50000000e-04
18.81,2.50000000e-04
18.82,2.50000000e-04
18.83,2.50000000e-04
18.84,2.50000000e-04
18.85,2.50000000e-04
18.86,2.50000000e-04
18.87,2.50000000e-04
18.88,2.50000000e-04
18.89,2.50000000e-04
18.90,2.50000000e-04
18.91,2.50000000e-04
18.92,2.50000000e-04
18.93,2.50000000e-04
18.94,2.50000000e-04
18.95,2.50000000e-04
18.96,2.50000000e-04
18.97,2.50000000e-04
18.98,2.50000000e-04
18.99,2.50000000e-04
19.00,2.50000000e-04
19.01,2.50000000e-04
19.02,2.50000000e-04
19.03,2.50000000e-04
19.04,2.50000000e-04
19.05,2.50000000e-04
19.06,2.50000000e-04
19.07,2.50000000e-04
19.08,2.50000000e-04
19.09,2.50000000e-04
19.10,2.50000000e-04
19.11,2.50000000e-04
19.12,2.50000000e-04
19.13,2.50000000e-04
19.14,2.50000000e-04
19.15,2.50000000e-04
19.16,2.50000000e-04
19.17,2.50000000e-04
19.18,2.50000000e-04
19.19,2.50000000e-04
19.20,2.50000000e-04
19.21,2.50000000e-04
19.22,2.50000000e-04
19.23,2.50000000e-04
19.24,2.50000000e-04
19.25,2.50000000e-04
19.26,2.50000000e-04
19.27,2.50000000e-04
19.28,2.50000000e-04
19.29,2.50000000e-04
19.30,2.50000000e-04
19.31,2.50000000e-04
19.32,2.50000000e-04
19.33,2.50000000e-04
19.34,2.50000000e-04
19.35,2.50000000e-04
19.36,2.50000000e-04
19.37,2.50000000e-04
19.38,2.50000000e-04
19.39,2.50000000e-04
19.40,2.50000000e-04
19.41,2.50000000e-04
19.42,2.50000000e-04
19.43,2.50000000e-04
19.44,2.50000000e-04
19.45,2.50000000e-04
19.46,2.50000000e-04
19.47,2.50000000e-04
19.48,2.50000000e-04
19.49,2.50000000e-04
19.50,2.50000000e-04
19.51,2.50000000e-04
19.52,2.50000000e-04
19.53,2.50000000e-04
19.54,2.50000000e-04
19.55,2.50000000e-04
19.56,2.50000000e-04
19.57,2.50000000e-04
19.58,2.50000000e-04
19.59,2.50000000e-04
19.60,2.50000000e-04
19.61,2.50000000e-04
19.62,2.50000000e-04
19.63,2.50000000e-04
19.64,2.50000000e-04
19.65,2.50000000e-04
19.66,2.50000000e-04
19.67,2.50000000e-04
19.68,2.50000000e-04
19.69,2.50000000e-04
19.70,2.50000000e-04
19.71,2.50000000e-04
19.72,2.50000000e-04
19.73,2.50000000e-04
19.74,2.50000000e-04
19.75,2.50000000e-04
19.76,2.50000000e-04
19.77,2.50000000e-04
19.78,2.50000000e-04
19.79,2.50000000e-04
19.80,2.50000000e-04
19.81,2.50000000e-04
19.82,2.50000000e-04
19.83,2.50000000e-04
19.84,2.50000000e-04
19.85,2.50000000e-04
19.86,2.50000000e-04
19.87,2.50000000e-04
19.88,2.50000000e-04
19.89,2.50000000e-04
19.90,2.50000000e-04
19.91,2.50000000e-04
19.92,2.50000000e-04
19.93,2.50000000e-04
19.94,2.50000000e-04
19.95,2.50000000e-04
19.96,2.50000000e-04
19.97,2.50000000e-04
19.98,2.50000000e-04
19.99,2.50000000e-04
20.00,2.50000000e-04
20.01,2.50000000e-04
20.02,2.50000000e-04
20.03,2.50000000e-04
20.04,2.50000000e-04
20.05,2.50000000e-04
20.06,2.50000000e-04
20.07,2.50000000e-04
20.08,2.50000000e-04
20.09,2.50000000e-04
20.10,2.50000000e-04
20.11,2.50000000e-04
20.12,2.50000000e-04
20.13,2.50000000e-04
20.14,2.50000000e-04
20.15,2.50000000e-04
20.16,2.50000000e-04
20.17,2.50000000e-04
20.18,2.50000000e-04
20.19,2.50000000e-04
20.20,2.50000000e-04
20.21,2.50000000e-04
20.22,2.50000000e-04
20.23,2.50000000e-04
20.24,2.50000000e-04
20.25,2.50000000e-04
20.26,2.50000000e-04
20.27,2.50000000e-04
20.28,2.50000000e-04
20.29,2.50000000e-04
20.30,2.50000000e-04
20.31,2.50000000e-04
20.32,2.50000000e-04
20.33,2.50000000e-04
20.34,2.50000000e-04
20.35,2.50000000e-04
20.36,2.50000000e-04
20.37,2.50000000e-04
20.38,2.50000000e-04
20.39,2.50000000e-04
20.40,2.50000000e-04
20.41,2.50000000e-04
20.42,2.50000000e-04
20.43,2.50000000e-04
20.44,2.50000000e-04
20.45,2.50000000e-04
20.46,2.50000000e-04
20.47,2.50000000e-04
20.48,2.50000000e-04
20.49,2.50000000e-04
20.50,2.50000000e-04
20.51,2.50000000e-04
20.52,2.50000000e-04
20.53,2.50000000e-04
20.54,2.50000000e-04
20.55,2.50000000e-04
20.56,2.50000000e-04
20.57,2.50000000e-04
20.58,2.50000000e-04
20.59,2.50000000e-04
20.60,2.50000000e-04
20.61,2.50000000e-04
20.62,2.50000000e-04
20.63,2.50000000e-04
20.64,2.50000000e-04
20.65,2.50000000e-04
20.66,2.50000000e-04
20.67,2.50000000e-04
20.68,2.50000000e-04
20.69,2.50000000e-04
20.70,2.50000000e-04
20.71,2.50000000e-04
20.72,2.50000000e-04
20.73,2.50000000e-04
20.74,2.50000000e-04
20.75,2.50000000e-04
20.76,2.50000000e-04
20.77,2.50000000e-04
20.78,2.50000000e-04
20.79,2.50000000e-04
20.80,2.50000000e-04
20.81,2.50000000e-04
20.82,2.50000000e-04
20.83,2.50000000e-04
20.84,2.50000000e-04
20.85,2.50000000e-04
20.86,2.50000000e-04
20.87,2.50000000e-04
20.88,2.50000000e-04
20.89,2.50000000e-04
20.90,2.50000000e-04
20.91,2.50000000e-04
20.92,2.50000000e-04
20.93,2.50000000e-04
20.94,2.50000000e-04
20.95,2.50000000e-04
20.96,2.50000000e-04
20.97,2.50000000e-04
20.98,2.50000000e-04
20.99,2.50000000e-04
21.00,2.50000000e-04
21.01,2.50000000e-04
21.02,2.50000000e-04
21.03,2.50000000e-04
21.04,2.50000000e-04
21.05,2.50000000e-04
21.06,2.50000000e-04
21.07,2.50000000e-04
21.08,2.50000000e-04
21.09,2.50000000e-04
21.10,2.50000000e-04
21.11,2.50000000e-04
21.12,2.50000000e-04
21.13,2.50000000e-04
21.14,2.50000000e-04
21.15,2.50000000e-04
21.16,2.50000000e-04
21.17,2.50000000e-04
21.18,2.50000000e-04
21.19,2.50000000e-04
21.20,2.50000000e-04
21.21,2.50000000e-04
21.22,2.50000000e-04
21.23,2.50000000e-04
21.24,2.50000000e-04
21.25,2.50000000e-04
21.26,2.50000000e-04
21.27,2.50000000e-04
21.28,2.50000000e-04
21.29,2.50000000e-04
21.30,2.50000000e-04
21.31,2.50000000e-04
21.32,2.50000000e-04
21.33,2.50000000e-04
21.34,2.50000000e-04
21.35,2.50000000e-04
21.36,2.50000000e-04
21.37,2.50000000e-04
21.38,2.50000000e-04
21.39,2.50000000e-04
21.40,2.50000000e-04
21.41,2.50000000e-04
21.42,2.50000000e-04
21.43,2.50000000e-04
21.44,2.50000000e-04
21.45,2.50000000e-04
21.46,2.50000000e-04
21.47,2.50000000e-04
21.48,2.50000000e-04
21.49,2.50000000e-04
21.50,2.50000000e-04
21.51,2.50000000e-04
21.52,2.50000000e-04
21.53,2.50000000e-04
21.54,2.50000000e-04
21.55,2.50000000e-04
21.56,2.50000000e-04
21.57,2.50000000e-04
21.58,2.50000000e-04
21.59,2.50000000e-04
21.60,2.50000000e-04
21.61,2.50000000e-04
21.62,2.50000000e-04
21.63,2.50000000e-04
21.64,2.50000000e-04
21.65,2.50000000e-04
21.66,2.50000000e-04
21.67,2.50000000e-04
21.68,2.50000000e-04
21.69,2.50000000e-04
21.70,2.50000000e-04
21.71,2.50000000e-04
21.72,2.50000000e-04
21.73,2.50000000e-04
21.74,2.50000000e-04
21.75,2.50000000e-04
21.76,2.50000000e-04
21.77,2.50000000e-04
21.78,2.50000000e-04
21.79,2.50000000e-04
21.80,2.50000000e-04
21.81,2.50000000e-04
21.82,2.50000000e-04
21.83,2.50000000e-04
21.84,2.50000000e-04
21.85,2.50000000e-04
21.86,2.50000000e-04
21.87,2.50000000e-04
21.88,2.50000000e-04
21.89,2.50000000e-04
21.90,2.50000000e-04
21.91,2.50000000e-04
21.92,2.50000000e-04
21.93,2.50000000e-04
21.94,2.50000000e-04
21.95,2.50000000e-04
21.96,2.50000000e-04
21.97,2.50000000e-04
21.98,2.50000000e-04
21.99,2.50000000e-04
22.00,2.50000000e-04
22.01,2.50000000e-04
22.02,2.50000000e-04
22.03,2.50000000e-04
22.04,2.50000000e-04
22.05,2.50000000e-04
22.06,2.50000000e-04
22.07,2.50000000e-04
22.08,2.50000000e-04
22.09,2.50000000e-04
22.10,2.50000000e-04
22.11,2.50000000e-04
22.12,2.50000000e-04
22.13,2.50000000e-04
22.14,2.50000000e-04
22.15,2.50000000e-04
22.16,2.50000000e-04
22.17,2.50000000e-04
22.18,2.50000000e-04
22.19,2.50000000e-04
22.20,2.50000000e-04
22.21,2.50000000e-04
22.22,2.50000000e-04
22.23,2.50000000e-04
22.24,2.50000000e-04
22.25,2.50000000e-04
22.26,2.50000000e-04
22.27,2.50000000e-04
22.28,2.50000000e-04
22.29,2.50000000e-04
22.30,2.50000000e-04
22.31,2.50000000e-04
22.32,2.50000000e-04
22.33,2.50000000e-04
22.34,2.50000000e-04
22.35,2.50000000e-04
22.36,2.50000000e-04
22.37,2.50000000e-04
22.38,2.50000000e-04
22.39,2.50000000e-04
22.40,2.50000000e-04
22.41,2.50000000e-04
22.42,2.50000000e-04
22.43,2.50000000e-04
22.44,2.50000000e-04
22.45,2.50000000e-04
22.46,2.50000000e-04
22.47,2.50000000e-04
22.48,2.50000000e-04
22.49,2.50000000e-04
22.50,2.50000000e-04
22.51,2.50000000e-04
22.52,2.50000000e-04
22.53,2.50000000e-04
22.54,2.50000000e-04
22.55,2.50000000e-04
22.56,2.50000000e-04
22.57,2.50000000e-04
22.58,2.50000000e-04
22.59,2.50000000e-04
22.60,2.50000000e-04
22.61,2.50000000e-04
22.62,2.50000000e-04
22.63,2.50000000e-04
22.64,2.50000000e-04
22.65,2.50000000e-04
22.66,2.50000000e-04
22.67,2.50000000e-04
22.68,2.50000000e-04
22.69,2.50000000e-04
22.70,2.50000000e-04
22.71,2.50000000e-04
22.72,2.50000000e-04
22.73,2.50000000e-04
22.74,2.50000000e-04
22.75,2.50000000e-04
22.76,2.50000000e-04
22.77,2.50000000e-04
22.78,2.50000000e-04
22.79,2.50000000e-04
22.80,2.50000000e-04
22.81,2.50000000e-04
22.82,2.50000000e-04
22.83,2.50000000e-04
22.84,2.50000000e-04
22.85,2.50000000e-04
22.86,2.50000000e-04
22.87,2.50000000e-04
22.88,2.50000000e-04
22.89,2.50000000e-04
22.90,2.50000000e-04
22.91,2.50000000e-04
22.92,2.50000000e-04
22.93,2.50000000e-04
22.94,2.50000000e-04
22.95,2.50000000e-04
22.96,2.50000000e-04
22.97,2.50000000e-04
22.98,2.50000000e-04
22.99,2.50000000e-04
23.00,2.50000000e-04
23.01,2.50000000e-04
23.02,2.50000000e-04
23.03,2.50000000e-04
23.04,2.50000000e-04
23.05,2.50000000e-04
23.06,2.50000000e-04
23.07,2.50000000e-04
23.08,2.50000000e-04
23.09,2.50000000e-04
23.10,2.50000000e-04
23.11,2.50000000e-04
23.12,2.50000000e-04
23.13,2.50000000e-04
23.14,2.50000000e-04
23.15,2.50000000e-04
23.16,2.50000000e-04
23.17,2.50000000e-04
23.18,2.50000000e-04
23.19,2.50000000e-04
23.20,2.50000000e-04
23.21,2.50000000e-04
23.22,2.50000000e-04
23.23,2.50000000e-04
23.24,2.50000000e-04
23.25,2.50000000e-04
23.26,2.50000000e-04
23.27,2.50000000e-04
23.28,2.50000000e-04
23.29,2.50000000e-04
23.30,2.50000000e-04
23.31,2.50000000e-04
23.32,2.50000000e-04
23.33,2.50000000e-04
23.34,2.50000000e-04
23.35,2.50000000e-04
23.36,2.50000000e-04
23.37,2.50000000e-04
23.38,2.50000000e-04
23.39,2.50000000e-04
23.40,2.50000000e-04
23.41,2.50000000e-04
23.42,2.50000000e-04
23.43,2.50000000e-04
23.44,2.50000000e-04
23.45,2.50000000e-04
23.46,2.50000000e-04
23.47,2.50000000e-04
23.48,2.50000000e-04
23.49,2.50000000e-04
23.50,2.50000000e-04
23.51,2.50000000e-04
23.52,2.50000000e-04
23.53,2.50000000e-04
23.54,2.50000000e-04
23.55,2.50000000e-04
23.56,2.50000000e-04
23.57,2.50000000e-04
23.58,2.50000000e-04
23.59,2.50000000e-04
23.60,2.50000000e-04
23.61,2.50000000e-04
23.62,2.50000000e-04
23.63,2.50000000e-04
23.64,2.50000000e-04
23.65,2.50000000e-04
23.66,2.50000000e-04
23.67,2.50000000e-04
23.68,2.50000000e-04
23.69,2.50000000e-04
23.70,2.50000000e-04
23.71,2.50000000e-04
23.72,2.50000000e-04
23.73,2.50000000e-04
23.74,2.50000000e-04
23.75,2.50000000e-04
23.76,2.50000000e-04
23.77,2.50000000e-04
23.78,2.50000000e-04
23.79,2.50000000e-04
23.80,2.50000000e-04
23.81,2.50000000e-04
23.82,2.50000000e-04
23.83,2.50000000e-04
23.84,2.50000000e-04
23.85,2.50000000e-04
23.86,2.50000000e-04
23.87,2.50000000e-04
23.88,2.50000000e-04
23.89,2.50000000e-04
23.90,2.50000000e-04
23.91,2.50000000e-04
23.92,2.50000000e-04
23.93,2.50000000e-04
23.94,2.50000000e-04
23.95,2.50000000e-04
23.96,2.50000000e-04
23.97,2.50000000e-04
23.98,2.50000000e-04
23.99,2.50000000e-04
24.00,2.50000000e-04
24.01,2.50000000e-04
24.02,2.50000000e-04
24.03,2.50000000e-04
24.04,2.50000000e-04
24.05,2.50000000e-04
24.06,2.50000000e-04
24.07,2.50000000e-04
24.08,2.50000000e-04
24.09,2.50000000e-04
24.10,2.50000000e-04
24.11,2.50000000e-04
24.12,2.50000000e-04
24.13,2.50000000e-04
24.14,2.50000000e-04
24.15,2.50000000e-04
24.16,2.50000000e-04
24.17,2.50000000e-04
24.18,2.50000000e-04
24.19,2.50000000e-04
24.20,2.50000000e-04
24.21,2.50000000e-04
24.22,2.50000000e-04
24.23,2.50000000e-04
24.24,2.50000000e-04
24.25,2.50000000e-04
24.26,2.50000000e-04
24.27,2.50000000e-04
24.28,2.50000000e-04
24.29,2.50000000e-04
24.30,2.50000000e-04
24.31,2.50000000e-04
24.32,2.50000000e-04
24.33,2.50000000e-04
24.34,2.50000000e-04
24.35,2.50000000e-04
24.36,2.50000000e-04
24.37,2.50000000e-04
24.38,2.50000000e-04
24.39,2.50000000e-04
24.40,2.50000000e-04
24.41,2.50000000e-04
24.42,2.50000000e-04
24.43,2.50000000e-04
24.44,2.50000000e-04
24.45,2.50000000e-04
24.46,2.50000000e-04
24.47,2.50000000e-04
24.48,2.50000000e-04
24.49,2.50000000e-04
24.50,2.50000000e-04
24.51,2.50000000e-04
24.52,2.50000000e-04
24.53,2.50000000e-04
24.54,2.50000000e-04
24.55,2.50000000e-04
24.56,2.50000000e-04
24.57,2.50000000e-04
24.58,2.50000000e-04
24.59,2.50000000e-04
24.60,2.50000000e-04
24.61,2.50000000e-04
24.62,2.50000000e-04
24.63,2.50000000e-04
24.64,2.50000000e-04
24.65,2.50000000e-04
24.66,2.50000000e-04
24.67,2.50000000e-04
24.68,2.50000000e-04
24.69,2.50000000e-04
24.70,2.50000000e-04
24.71,2.50000000e-04
24.72,2.50000000e-04
24.73,2.50000000e-04
24.74,2.50000000e-04
24.75,2.50000000e-04
24.76,2.50000000e-04
24.77,2.50000000e-04
24.78,2.50000000e-04
24.79,2.50000000e-04
24.80,2.50000000e-04
24.81,2.50000000e-04
24.82,2.50000000e-04
24.83,2.50000000e-04
24.84,2.50000000e-04
24.85,2.50000000e-04
24.86,2.50000000e-04
24.87,2.50000000e-04
24.88,2.50000000e-04
24.89,2.50000000e-04
24.90,2.50000000e-04
24.91,2.50000000e-04
24.92,2.50000000e-04
24.93,2.50000000e-04
24.94,2.50000000e-04
24.95,2.50000000e-04
24.96,2.50000000e-04
24.97,2.50000000e-04
24.98,2.50000000e-04
24.99,2.50000000e-04
25.00,2.50000000e-04
25.01,2.50000000e-04
25.02,2.50000000e-04
25.03,2.50000000e-04
25.04,2.50000000e-04
25.05,2.50000000e-04
25.06,2.50000000e-04
25.07,2.50000000e-04
25.08,2.50000000e-04
25.09,2.50000000e-04
25.10,2.50000000e-04
25.11,2.50000000e-04
25.12,2.50000000e-04
25.13,2.50000000e-04
25.14,2.50000000e-04
25.15,2.50000000e-04
25.16,2.50000000e-04
25.17,2.50000000e-04
25.18,2.50000000e-04
25.19,2.50000000e-04
25.20,2.50000000e-04
25.21,2.50000000e-04
25.22,2.50000000e-04
25.23,2.50000000e-04
25.24,2.50000000e-04
25.25,2.50000000e-04
25.26,2.50000000e-04
25.27,2.50000000e-04
25.28,2.50000000e-04
25.29,2.50000000e-04
25.30,2.50000000e-04
25.31,2.50000000e-04
25.32,2.50000000e-04
25.33,2.50000000e-04
25.34,2.50000000e-04
25.35,2.50000000e-04
25.36,2.50000000e-04
25.37,2.50000000e-04
25.38,2.50000000e-04
25.39,2.50000000e-04
25.40,2.50000000e-04
25.41,2.50000000e-04
25.42,2.50000000e-04
25.43,2.50000000e-04
25.44,2.50000000e-04
25.45,2.50000000e-04
25.46,2.50000000e-04
25.47,2.50000000e-04
25.48,2.50000000e-04
25.49,2.50000000e-04
25.50,2.50000000e-04
25.51,2.50000000e-04
25.52,2.50000000e-04
25.53,2.50000000e-04
25.54,2.50000000e-04
25.55,2.50000000e-04
25.56,2.50000000e-04
25.57,2.50000000e-04
25.58,2.50000000e-04
25.59,2.50000000e-04
25.60,2.50000000e-04
25.61,2.50000000e-04
25.62,2.50000000e-04
25.63,2.50000000e-04
25.64,2.50000000e-04
25.65,2.50000000e-04
25.66,2.50000000e-04
25.67,2.50000000e-04
25.68,2.50000000e-04
25.69,2.50000000e-04
25.70,2.50000000e-04
25.71,2.50000000e-04
25.72,2.50000000e-04
25.73,2.50000000e-04
25.74,2.50000000e-04
25.75,2.50000000e-04
25.76,2.50000000e-04
25.77,2.50000000e-04
25.78,2.50000000e-04
25.79,2.50000000e-04
25.80,2.50000000e-04
25.81,2.50000000e-04
25.82,2.50000000e-04
25.83,2.50000000e-04
25.84,2.50000000e-04
25.85,2.50000000e-04
25.86,2.50000000e-04
25.87,2.50000000e-04
25.88,2.50000000e-04
25.89,2.50000000e-04
25.90,2.50000000e-04
25.91,2.50000000e-04
25.92,2.50000000e-04
25.93,2.50000000e-04
25.94,2.50000000e-04
25.95,2.50000000e-04
25.96,2.50000000e-04
25.97,2.50000000e-04
25.98,2.50000000e-04
25.99,2.50000000e-04
26.00,2.50000000e-04
26.01,2.50000000e-04
26.02,2.50000000e-04
26.03,2.50000000e-04
26.04,2.50000000e-04
26.05,2.50000000e-04
26.06,2.50000000e-04
26.07,2.50000000e-04
26.08,2.50000000e-04
26.09,2.50000000e-04
26.10,2.50000000e-04
26.11,2.50000000e-04
26.12,2.50000000e-04
26.13,2.50000000e-04
26.14,2.50000000e-04
26.15,2.50000000e-04
26.16,2.50000000e-04
26.17,2.50000000e-04
26.18,2.50000000e-04
26.19,2.50000000e-04
26.20,2.50000000e-04
26.21,2.50000000e-04
26.22,2.50000000e-04
26.23,2.50000000e-04
26.24,2.50000000e-04
26.25,2.50000000e-04
26.26,2.50000000e-04
26.27,2.50000000e-04
26.28,2.50000000e-04
26.29,2.50000000e-04
26.30,2.50000000e-04
26.31,2.50000000e-04
26.32,2.50000000e-04
26.33,2.50000000e-04
26.34,2.50000000e-04
26.35,2.50000000e-04
26.36,2.50000000e-04
26.37,2.50000000e-04
26.38,2.50000000e-04
26.39,2.50000000e-04
26.40,2.50000000e-04
26.41,2.50000000e-04
26.42,2.50000000e-04
26.43,2.50000000e-04
26.44,2.50000000e-04
26.45,2.50000000e-04
26.46,2.50000000e-04
26.47,2.50000000e-04
26.48,2.50000000e-04
26.49,2.50000000e-04
26.50,2.50000000e-04
26.51,2.50000000e-04
26.52,2.50000000e-04
26.53,2.50000000e-04
26.54,2.50000000e-04
26.55,2.50000000e-04
26.56,2.50000000e-04
26.57,2.50000000e-04
26.58,2.50000000e-04
26.59,2.50000000e-04
26.60,2.50000000e-04
26.61,2.50000000e-04
26.62,2.50000000e-04
26.63,2.50000000e-04
26.64,2.50000000e-04
26.65,2.50000000e-04
26.66,2.50000000e-04
26.67,2.50000000e-04
26.68,2.50000000e-04
26.69,2.50000000e-04
26.70,2.50000000e-04
26.71,2.50000000e-04
26.72,2.50000000e-04
26.73,2.50000000e-04
26.74,2.50000000e-04
26.75,2.50000000e-04
26.76,2.50000000e-04
26.77,2.50000000e-04
26.78,2.50000000e-04
26.79,2.50000000e-04
26.80,2.50000000e-04
26.81,2.50000000e-04
26.82,2.50000000e-04
26.83,2.50000000e-04
26.84,2.50000000e-04
26.85,2.50000000e-04
26.86,2.50000000e-04
26.87,2.50000000e-04
26.88,2.50000000e-04
26.89,2.50000000e-04
26.90,2.50000000e-04
26.91,2.50000000e-04
26.92,2.50000000e-04
26.93,2.50000000e-04
26.94,2.50000000e-04
26.95,2.50000000e-04
26.96,2.50000000e-04
26.97,2.50000000e-04
26.98,2.50000000e-04
26.99,2.50000000e-04
27.00,2.50000000e-04
27.01,2.50000000e-04
27.02,2.50000000e-04
27.03,2.50000000e-04
27.04,2.50000000e-04
27.05,2.50000000e-04
27.06,2.50000000e-04
27.07,2.50000000e-04
27.08,2.50000000e-04
27.09,2.50000000e-04
27.10,2.50000000e-04
27.11,2.50000000e-04
27.12,2.50000000e-04
27.13,2.50000000e-04
27.14,2.50000000e-04
27.15,2.50000000e-04
27.16,2.50000000e-04
27.17,2.50000000e-04
27.18,2.50000000e-04
27.19,2.50000000e-04
27.20,2.50000000e-04
27.21,2.50000000e-04
27.22,2.50000000e-04
27.23,2.50000000e-04
27.24,2.50000000e-04
27.25,2.50000000e-04
27.26,2.50000000e-04
27.27,2.50000000e-04
27.28,2.50000000e-04
27.29,2.50000000e-04
27.30,2.50000000e-04
27.31,2.50000000e-04
27.32,2.50000000e-04
27.33,2.50000000e-04
27.34,2.50000000e-04
27.35,2.50000000e-04
27.36,2.50000000e-04
27.37,2.50000000e-04
27.38,2.50000000e-04
27.39,2.50000000e-04
27.40,2.50000000e-04
27.41,2.50000000e-04
27.42,2.50000000e-04
27.43,2.50000000e-04
27.44,2.50000000e-04
27.45,2.50000000e-04
27.46,2.50000000e-04
27.47,2.50000000e-04
27.48,2.50000000e-04
27.49,2.50000000e-04
27.50,2.50000000e-04
27.51,2.50000000e-04
27.52,2.50000000e-04
27.53,2.50000000e-04
27.54,2.50000000e-04
27.55,2.50000000e-04
27.56,2.50000000e-04
27.57,2.50000000e-04
27.58,2.50000000e-04
27.59,2.50000000e-04
27.60,2.50000000e-04
27.61,2.50000000e-04
27.62,2.50000000e-04
27.63,2.50000000e-04
27.64,2.50000000e-04
27.65,2.50000000e-04
27.66,2.50000000e-04
27.67,2.50000000e-04
27.68,2.50000000e-04
27.69,2.50000000e-04
27.70,2.50000000e-04
27.71,2.50000000e-04
27.72,2.50000000e-04
27.73,2.50000000e-04
27.74,2.50000000e-04
27.75,2.50000000e-04
27.76,2.50000000e-04
27.77,2.50000000e-04
27.78,2.50000000e-04
27.79,2.50000000e-04
27.80,2.50000000e-04
27.81,2.50000000e-04
27.82,2.50000000e-04
27.83,2.50000000e-04
27.84,2.50000000e-04
27.85,2.50000000e-04
27.86,2.50000000e-04
27.87,2.50000000e-04
27.88,2.50000000e-04
27.89,2.50000000e-04
27.90,2.50000000e-04
27.91,2.50000000e-04
27.92,2.50000000e-04
27.93,2.50000000e-04
27.94,2.50000000e-04
27.95,2.50000000e-04
27.96,2.50000000e-04
27.97,2.50000000e-04
27.98,2.50000000e-04
27.99,2.50000000e-04
28.00,2.50000000e-04
28.01,2.50000000e-04
28.02,2.50000000e-04
28.03,2.50000000e-04
28.04,2.50000000e-04
28.05,2.50000000e-04
28.06,2.50000000e-04
28.07,2.50000000e-04
28.08,2.50000000e-04
28.09,2.50000000e-04
28.10,2.50000000e-04
28.11,2.50000000e-04
28.12,2.50000000e-04
28.13,2.50000000e-04
28.14,2.50000000e-04
28.15,2.50000000e-04
28.16,2.50000000e-04
28.17,2.50000000e-04
28.18,2.50000000e-04
28.19,2.50000000e-04
28.20,2.50000000e-04
28.21,2.50000000e-04
28.22,2.50000000e-04
28.23,2.50000000e-04
28.24,2.50000000e-04
28.25,2.50000000e-04
28.26,2.50000000e-04
28.27,2.50000000e-04
28.28,2.50000000e-04
28.29,2.50000000e-04
28.30,2.50000000e-04
28.31,2.50000000e-04
28.32,2.50000000e-04
28.33,2.50000000e-04
28.34,2.50000000e-04
28.35,2.50000000e-04
28.36,2.50000000e-04
28.37,2.50000000e-04
28.38,2.50000000e-04
28.39,2.50000000e-04
28.40,2.50000000e-04
28.41,2.50000000e-04
28.42,2.50000000e-04
28.43,2.50000000e-04
28.44,2.50000000e-04
28.45,2.50000000e-04
28.46,2.50000000e-04
28.47,2.50000000e-04
28.48,2.50000000e-04
28.49,2.50000000e-04
28.50,2.50000000e-04
28.51,2.50000000e-04
28.52,2.50000000e-04
28.53,2.50000000e-04
28.54,2.50000000e-04
28.55,2.50000000e-04
28.56,2.50000000e-04
28.57,2.50000000e-04
28.58,2.50000000e-04
28.59,2.50000000e-04
28.60,2.50000000e-04
28.61,2.50000000e-04
28.62,2.50000000e-04
28.63,2.50000000e-04
28.64,2.50000000e-04
28.65,2.50000000e-04
28.66,2.50000000e-04
28.67,2.50000000e-04
28.68,2.50000000e-04
28.69,2.50000000e-04
28.70,2.50000000e-04
28.71,2.50000000e-04
28.72,2.50000000e-04
28.73,2.50000000e-04
28.74,2.50000000e-04
28.75,2.50000000e-04
28.76,2.50000000e-04
28.77,2.50000000e-04
28.78,2.50000000e-04
28.79,2.50000000e-04
28.80,2.50000000e-04
28.81,2.50000000e-04
28.82,2.50000000e-04
28.83,2.50000000e-04
28.84,2.50000000e-04
28.85,2.50000000e-04
28.86,2.50000000e-04
28.87,2.50000000e-04
28.88,2.50000000e-04
28.89,2.50000000e-04
28.90,2.50000000e-04
28.91,2.50000000e-04
28.92,2.50000000e-04
28.93,2.50000000e-04
28.94,2.50000000e-04
28.95,2.50000000e-04
28.96,2.50000000e-04
28.97,2.50000000e-04
28.98,2.50000000e-04
28.99,2.50000000e-04
29.00,2.50000000e-04
29.01,2.50000000e-04
29.02,2.50000000e-04
29.03,2.50000000e-04
29.04,2.50000000e-04
29.05,2.50000000e-04
29.06,2.50000000e-04
29.07,2.50000000e-04
29.08,2.50000000e-04
29.09,2.50000000e-04
29.10,2.50000000e-04
29.11,2.50000000e-04
29.12,2.50000000e-04
29.13,2.50000000e-04
29.14,2.50000000e-04
29.15,2.50000000e-04
29.16,2.50000000e-04
29.17,2.50000000e-04
29.18,2.50000000e-04
29.19,2.50000000e-04
29.20,2.50000000e-04
29.21,2.50000000e-04
29.22,2.50000000e-04
29.23,2.50000000e-04
29.24,2.50000000e-04
29.25,2.50000000e-04
29.26,2.50000000e-04
29.27,2.50000000e-04
29.28,2.50000000e-04
29.29,2.50000000e-04
29.30,2.50000000e-04
29.31,2.50000000e-04
29.32,2.50000000e-04
29.33,2.50000000e-04
29.34,2.50000000e-04
29.35,2.50000000e-04
29.36,2.50000000e-04
29.37,2.50000000e-04
29.38,2.50000000e-04
29.39,2.50000000e-04
29.40,2.50000000e-04
29.41,2.50000000e-04
29.42,2.50000000e-04
29.43,2.50000000e-04
29.44,2.50000000e-04
29.45,2.50000000e-04
29.46,2.50000000e-04
29.47,2.50000000e-04
29.48,2.50000000e-04
29.49,2.50000000e-04
29.50,2.50000000e-04
29.51,2.50000000e-04
29.52,2.50000000e-04
29.53,2.50000000e-04
29.54,2.50000000e-04
29.55,2.50000000e-04
29.56,2.50000000e-04
29.57,2.50000000e-04
29.58,2.50000000e-04
29.59,2.50000000e-04
29.60,2.50000000e-04
29.61,2.50000000e-04
29.62,2.50000000e-04
29.63,2.50000000e-04
29.64,2.50000000e-04
29.65,2.50000000e-04
29.66,2.50000000e-04
29.67,2.50000000e-04
29.68,2.50000000e-04
29.69,2.50000000e-04
29.70,2.50000000e-04
29.71,2.50000000e-04
29.72,2.50000000e-04
29.73,2.50000000e-04
29.74,2.50000000e-04
29.75,2.50000000e-04
29.76,2.50000000e-04
29.77,2.50000000e-04
29.78,2.50000000e-04
29.79,2.50000000e-04
29.80,2.50000000e-04
29.81,2.50000000e-04
29.82,2.50000000e-04
29.83,2.50000000e-04
29.84,2.50000000e-04
29.85,2.50000000e-04
29.86,2.50000000e-04
29.87,2.50000000e-04
29.88,2.50000000e-04
29.89,2.50000000e-04
29.90,2.50000000e-04
29.91,2.50000000e-04
29.92,2.50000000e-04
29.93,2.50000000e-04
29.94,2.50000000e-04
29.95,2.50000000e-04
29.96,2.50000000e-04
29.97,2.50000000e-04
29.98,2.50000000e-04
29.99,2.50000000e-04
30.00,2.50000000e-04
30.01,2.50000000e-04
30.02,2.50000000e-04
30.03,2.50000000e-04
30.04,2.50000000e-04
30.05,2.50000000e-04
30.06,2.50000000e-04
30.07,2.50000000e-04
30.08,2.50000000e-04
30.09,2.50000000e-04
30.10,2.50000000e-04
30.11,2.50000000e-04
30.12,2.50000000e-04
30.13,2.50000000e-04
30.14,2.50000000e-04
30.15,2.50000000e-04
30.16,2.50000000e-04
30.17,2.50000000e-04
30.18,2.50000000e-04
30.19,2.50000000e-04
30.20,2.50000000e-04
30.21,2.50000000e-04
30.22,2.50000000e-04
30.23,2.50000000e-04
30.24,2.50000000e-04
30.25,2.50000000e-04
30.26,2.50000000e-04
30.27,2.50000000e-04
30.28,2.50000000e-04
30.29,2.50000000e-04
30.30,2.50000000e-04
30.31,2.50000000e-04
30.32,2.50000000e-04
30.33,2.50000000e-04
30.34,2.50000000e-04
30.35,2.50000000e-04
30.36,2.50000000e-04
30.37,2.50000000e-04
30.38,2.50000000e-04
30.39,2.50000000e-04
30.40,2.50000000e-04
30.41,2.50000000e-04
30.42,2.50000000e-04
30.43,2.50000000e-04
30.44,2.50000000e-04
30.45,2.50000000e-04
30.46,2.50000000e-04
30.47,2.50000000e-04
30.48,2.50000000e-04
30.49,2.50000000e-04
30.50,2.50000000e-04
30.51,2.50000000e-04
30.52,2.50000000e-04
30.53,2.50000000e-04
30.54,2.50000000e-04
30.55,2.50000000e-04
30.56,2.50000000e-04
30.57,2.50000000e-04
30.58,2.50000000e-04
30.59,2.50000000e-04
30.60,2.50000000e-04
30.61,2.50000000e-04
30.62,2.50000000e-04
30.63,2.50000000e-04
30.64,2.50000000e-04
30.65,2.50000000e-04
30.66,2.50000000e-04
30.67,2.50000000e-04
30.68,2.50000000e-04
30.69,2.50000000e-04
30.70,2.50000000e-04
30.71,2.50000000e-04
30.72,2.50000000e-04
30.73,2.50000000e-04
30.74,2.50000000e-04
30.75,2.50000000e-04
30.76,2.50000000e-04
30.77,2.50000000e-04
30.78,2.50000000e-04
30.79,2.50000000e-04
30.80,2.50000000e-04
30.81,2.50000000e-04
30.82,2.50000000e-04
30.83,2.50000000e-04
30.84,2.50000000e-04
30.85,2.50000000e-04
30.86,2.50000000e-04
30.87,2.50000000e-04
30.88,2.50000000e-04
30.89,2.50000000e-04
30.90,2.50000000e-04
30.91,2.50000000e-04
30.92,2.50000000e-04
30.93,2.50000000e-04
30.94,2.50000000e-04
30.95,2.50000000e-04
30.96,2.50000000e-04
30.97,2.50000000e-04
30.98,2.50000000e-04
30.99,2.50000000e-04
31.00,2.50000000e-04
31.01,2.50000000e-04
31.02,2.50000000e-04
31.03,2.50000000e-04
31.04,2.50000000e-04
31.05,2.50000000e-04
31.06,2.50000000e-04
31.07,2.50000000e-04
31.08,2.50000000e-04
31.09,2.50000000e-04
31.10,2.50000000e-04
31.11,2.50000000e-04
31.12,2.50000000e-04
31.13,2.50000000e-04
31.14,2.50000000e-04
31.15,2.50000000e-04
31.16,2.50000000e-04
31.17,2.50000000e-04
31.18,2.50000000e-04
31.19,2.50000000e-04
31.20,2.50000000e-04
31.21,2.50000000e-04
31.22,2.50000000e-04
31.23,2.50000000e-04
31.24,2.50000000e-04
31.25,2.50000000e-04
31.26,2.50000000e-04
31.27,2.50000000e-04
31.28,2.50000000e-04
31.29,2.50000000e-04
31.30,2.50000000e-04
31.31,2.50000000e-04
31.32,2.50000000e-04
31.33,2.50000000e-04
31.34,2.50000000e-04
31.35,2.50000000e-04
31.36,2.50000000e-04
31.37,2.50000000e-04
31.38,2.50000000e-04
31.39,2.50000000e-04
31.40,2.50000000e-04
31.41,2.50000000e-04
31.42,2.50000000e-04
31.43,2.50000000e-04
31.44,2.50000000e-04
31.45,2.50000000e-04
31.46,2.50000000e-04
31.47,2.50000000e-04
31.48,2.50000000e-04
31.49,2.50000000e-04
31.50,2.50000000e-04
31.51,2.50000000e-04
31.52,2.50000000e-04
31.53,2.50000000e-04
31.54,2.50000000e-04
31.55,2.50000000e-04
31.56,2.50000000e-04
31.57,2.50000000e-04
31.58,2.50000000e-04
31.59,2.50000000e-04
31.60,2.50000000e-04
31.61,2.50000000e-04
31.62,2.50000000e-04
31.63,2.50000000e-04
31.64,2.50000000e-04
31.65,2.50000000e-04
31.66,2.50000000e-04
31.67,2.50000000e-04
31.68,2.50000000e-04
31.69,2.50000000e-04
31.70,2.50000000e-04
31.71,2.50000000e-04
31.72,2.50000000e-04
31.73,2.50000000e-04
31.74,2.50000000e-04
31.75,2.50000000e-04
31.76,2.50000000e-04
31.77,2.50000000e-04
31.78,2.50000000e-04
31.79,2.50000000e-04
31.80,2.50000000e-04
31.81,2.50000000e-04
31.82,2.50000000e-04
31.83,2.50000000e-04
31.84,2.50000000e-04
31.85,2.50000000e-04
31.86,2.50000000e-04
31.87,2.50000000e-04
31.88,2.50000000e-04
31.89,2.50000000e-04
31.90,2.50000000e-04
31.91,2.50000000e-04
31.92,2.50000000e-04
31.93,2.50000000e-04
31.94,2.50000000e-04
31.95,2.50000000e-04
31.96,2.50000000e-04
31.97,2.50000000e-04
31.98,2.50000000e-04
31.99,2.50000000e-04
32.00,2.50000000e-04
32.01,2.50000000e-04
32.02,2.50000000e-04
32.03,2.50000000e-04
32.04,2.50000000e-04
32.05,2.50000000e-04
32.06,2.50000000e-04
32.07,2.50000000e-04
32.08,2.50000000e-04
32.09,2.50000000e-04
32.10,2.50000000e-04
32.11,2.50000000e-04
32.12,2.50000000e-04
32.13,2.50000000e-04
32.14,2.50000000e-04
32.15,2.50000000e-04
32.16,2.50000000e-04
32.17,2.50000000e-04
32.18,2.50000000e-04
32.19,2.50000000e-04
32.20,2.50000000e-04
32.21,2.50000000e-04
32.22,2.50000000e-04
32.23,2.50000000e-04
32.24,2.50000000e-04
32.25,2.50000000e-04
32.26,2.50000000e-04
32.27,2.50000000e-04
32.28,2.50000000e-04
32.29,2.50000000e-04
32.30,2.50000000e-04
32.31,2.50000000e-04
32.32,2.50000000e-04
32.33,2.50000000e-04
32.34,2.50000000e-04
32.35,2.50000000e-04
32.36,2.50000000e-04
32.37,2.50000000e-04
32.38,2.50000000e-04
32.39,2.50000000e-04
32.40,2.50000000e-04
32.41,2.50000000e-04
32.42,2.50000000e-04
32.43,2.50000000e-04
32.44,2.50000000e-04
32.45,2.50000000e-04
32.46,2.50000000e-04
32.47,2.50000000e-04
32.48,2.50000000e-04
32.49,2.50000000e-04
32.50,2.50000000e-04
32.51,2.50000000e-04
32.52,2.50000000e-04
32.53,2.50000000e-04
32.54,2.50000000e-04
32.55,2.50000000e-04
32.56,2.50000000e-04
32.57,2.50000000e-04
32.58,2.50000000e-04
32.59,2.50000000e-04
32.60,2.50000000e-04
32.61,2.50000000e-04
32.62,2.50000000e-04
32.63,2.50000000e-04
32.64,2.50000000e-04
32.65,2.50000000e-04
32.66,2.50000000e-04
32.67,2.50000000e-04
32.68,2.50000000e-04
32.69,2.50000000e-04
32.70,2.50000000e-04
32.71,2.50000000e-04
32.72,2.50000000e-04
32.73,2.50000000e-04
32.74,2.50000000e-04
32.75,2.50000000e-04
32.76,2.50000000e-04
32.77,2.50000000e-04
32.78,2.50000000e-04
32.79,2.50000000e-04
32.80,2.50000000e-04
32.81,2.50000000e-04
32.82,2.50000000e-04
32.83,2.50000000e-04
32.84,2.50000000e-04
32.85,2.50000000e-04
32.86,2.50000000e-04
32.87,2.50000000e-04
32.88,2.50000000e-04
32.89,2.50000000e-04
32.90,2.50000000e-04
32.91,2.50000000e-04
32.92,2.50000000e-04
32.93,2.50000000e-04
32.94,2.50000000e-04
32.95,2.50000000e-04
32.96,2.50000000e-04
32.97,2.50000000e-04
32.98,2.50000000e-04
32.99,2.50000000e-04
33.00,2.50000000e-04
33.01,2.50000000e-04
33.02,2.50000000e-04
33.03,2.50000000e-04
33.04,2.50000000e-04
33.05,2.50000000e-04
33.06,2.50000000e-04
33.07,2.50000000e-04
33.08,2.50000000e-04
33.09,2.50000000e-04
33.10,2.50000000e-04
33.11,2.50000000e-04
33.12,2.50000000e-04
33.13,2.50000000e-04
33.14,2.50000000e-04
33.15,2.50000000e-04
33.16,2.50000000e-04
33.17,2.50000000e-04
33.18,2.50000000e-04
33.19,2.50000000e-04
33.20,2.50000000e-04
33.21,2.50000000e-04
33.22,2.50000000e-04
33.23,2.50000000e-04
33.24,2.50000000e-04
33.25,2.50000000e-04
33.26,2.50000000e-04
33.27,2.50000000e-04
33.28,2.50000000e-04
33.29,2.50000000e-04
33.30,2.50000000e-04
33.31,2.50000000e-04
33.32,2.50000000e-04
33.33,2.50000000e-04
33.34,2.50000000e-04
33.35,2.50000000e-04
33.36,2.50000000e-04
33.37,2.50000000e-04
33.38,2.50000000e-04
33.39,2.50000000e-04
33.40,2.50000000e-04
33.41,2.50000000e-04
33.42,2.50000000e-04
33.43,2.50000000e-04
33.44,2.50000000e-04
33.45,2.50000000e-04
33.46,2.50000000e-04
33.47,2.50000000e-04
33.48,2.50000000e-04
33.49,2.50000000e-04
33.50,2.50000000e-04
33.51,2.50000000e-04
33.52,2.50000000e-04
33.53,2.50000000e-04
33.54,2.50000000e-04
33.55,2.50000000e-04
33.56,2.50000000e-04
33.57,2.50000000e-04
33.58,2.50000000e-04
33.59,2.50000000e-04
33.60,2.50000000e-04
33.61,2.50000000e-04
33.62,2.50000000e-04
33.63,2.50000000e-04
33.64,2.50000000e-04
33.65,2.50000000e-04
33.66,2.50000000e-04
33.67,2.50000000e-04
33.68,2.50000000e-04
33.69,2.50000000e-04
33.70,2.50000000e-04
33.71,2.50000000e-04
33.72,2.50000000e-04
33.73,2.50000000e-04
33.74,2.50000000e-04
33.75,2.50000000e-04
33.76,2.50000000e-04
33.77,2.50000000e-04
33.78,2.50000000e-04
33.79,2.50000000e-04
33.80,2.50000000e-04
33.81,2.50000000e-04
33.82,2.50000000e-04
33.83,2.50000000e-04
33.84,2.50000000e-04
33.85,2.50000000e-04
33.86,2.50000000e-04
33.87,2.50000000e-04
33.88,2.50000000e-04
33.89,2.50000000e-04
33.90,2.50000000e-04
33.91,2.50000000e-04
33.92,2.50000000e-04
33.93,2.50000000e-04
33.94,2.50000000e-04
33.95,2.50000000e-04
33.96,2.50000000e-04
33.97,2.50000000e-04
33.98,2.50000000e-04
33.99,2.50000000e-04
34.00,2.50000000e-04
34.01,2.50000000e-04
34.02,2.50000000e-04
34.03,2.50000000e-04
34.04,2.50000000e-04
34.05,2.50000000e-04
34.06,2.50000000e-04
34.07,2.50000000e-04
34.08,2.50000000e-04
34.09,2.50000000e-04
34.10,2.50000000e-04
34.11,2.50000000e-04
34.12,2.50000000e-04
34.13,2.50000000e-04
34.14,2.50000000e-04
34.15,2.50000000e-04
34.16,2.50000000e-04
34.17,2.50000000e-04
34.18,2.50000000e-04
34.19,2.50000000e-04
34.20,2.50000000e-04
34.21,2.50000000e-04
34.22,2.50000000e-04
34.23,2.50000000e-04
34.24,2.50000000e-04
34.25,2.50000000e-04
34.26,2.50000000e-04
34.27,2.50000000e-04
34.28,2.50000000e-04
34.29,2.50000000e-04
34.30,2.50000000e-04
34.31,2.50000000e-04
34.32,2.50000000e-04
34.33,2.50000000e-04
34.34,2.50000000e-04
34.35,2.50000000e-04
34.36,2.50000000e-04
34.37,2.50000000e-04
34.38,2.50000000e-04
34.39,2.50000000e-04
34.40,2.50000000e-04
34.41,2.50000000e-04
34.42,2.50000000e-04
34.43,2.50000000e-04
34.44,2.50000000e-04
34.45,2.50000000e-04
34.46,2.50000000e-04
34.47,2.50000000e-04
34.48,2.50000000e-04
34.49,2.50000000e-04
34.50,2.50000000e-04
34.51,2.50000000e-04
34.52,2.50000000e-04
34.53,2.50000000e-04
34.54,2.50000000e-04
34.55,2.50000000e-04
34.56,2.50000000e-04
34.57,2.50000000e-04
34.58,2.50000000e-04
34.59,2.50000000e-04
34.60,2.50000000e-04
34.61,2.50000000e-04
34.62,2.50000000e-04
34.63,2.50000000e-04
34.64,2.50000000e-04
34.65,2.50000000e-04
34.66,2.50000000e-04
34.67,2.50000000e-04
34.68,2.50000000e-04
34.69,2.50000000e-04
34.70,2.50000000e-04
34.71,2.50000000e-04
34.72,2.50000000e-04
34.73,2.50000000e-04
34.74,2.50000000e-04
34.75,2.50000000e-04
34.76,2.50000000e-04
34.77,2.50000000e-04
34.78,2.50000000e-04
34.79,2.50000000e-04
34.80,2.50000000e-04
34.81,2.50000000e-04
34.82,2.50000000e-04
34.83,2.50000000e-04
34.84,2.50000000e-04
34.85,2.50000000e-04
34.86,2.50000000e-04
34.87,2.50000000e-04
34.88,2.50000000e-04
34.89,2.50000000e-04
34.90,2.50000000e-04
34.91,2.50000000e-04
34.92,2.50000000e-04
34.93,2.50000000e-04
34.94,2.50000000e-04
34.95,2.50000000e-04
34.96,2.50000000e-04
34.97,2.50000000e-04
34.98,2.50000000e-04
34.99,2.50000000e-04
35.00,2.50000000e-04
35.01,2.50000000e-04
35.02,2.50000000e-04
35.03,2.50000000e-04
35.04,2.50000000e-04
35.05,2.50000000e-04
35.06,2.50000000e-04
35.07,2.50000000e-04
35.08,2.50000000e-04
35.09,2.50000000e-04
35.10,2.50000000e-04
35.11,2.50000000e-04
35.12,2.50000000e-04
35.13,2.50000000e-04
35.14,2.50000000e-04
35.15,2.50000000e-04
35.16,2.50000000e-04
35.17,2.50000000e-04
35.18,2.50000000e-04
35.19,2.50000000e-04
35.20,2.50000000e-04
35.21,2.50000000e-04
35.22,2.50000000e-04
35.23,2.50000000e-04
35.24,2.50000000e-04
35.25,2.50000000e-04
35.26,2.50000000e-04
35.27,2.50000000e-04
35.28,2.50000000e-04
35.29,2.50000000e-04
35.30,2.50000000e-04
35.31,2.50000000e-04
35.32,2.50000000e-04
35.33,2.50000000e-04
35.34,2.50000000e-04
35.35,2.50000000e-04
35.36,2.50000000e-04
35.37,2.50000000e-04
35.38,2.50000000e-04
35.39,2.50000000e-04
35.40,2.50000000e-04
35.41,2.50000000e-04
35.42,2.50000000e-04
35.43,2.50000000e-04
35.44,2.50000000e-04
35.45,2.50000000e-04
35.46,2.50000000e-04
35.47,2.50000000e-04
35.48,2.50000000e-04
35.49,2.50000000e-04
35.50,2.50000000e-04
35.51,2.50000000e-04
35.52,2.50000000e-04
35.53,2.50000000e-04
35.54,2.50000000e-04
35.55,2.50000000e-04
35.56,2.50000000e-04
35.57,2.50000000e-04
35.58,2.50000000e-04
35.59,2.50000000e-04
35.60,2.50000000e-04
35.61,2.50000000e-04
35.62,2.50000000e-04
35.63,2.50000000e-04
35.64,2.50000000e-04
35.65,2.50000000e-04
35.66,2.50000000e-04
35.67,2.50000000e-04
35.68,2.50000000e-04
35.69,2.50000000e-04
35.70,2.50000000e-04
35.71,2.50000000e-04
35.72,2.50000000e-04
35.73,2.50000000e-04
35.74,2.50000000e-04
35.75,2.50000000e-04
35.76,2.50000000e-04
35.77,2.50000000e-04
35.78,2.50000000e-04
35.79,2.50000000e-04
35.80,2.50000000e-04
35.81,2.50000000e-04
35.82,2.50000000e-04
35.83,2.50000000e-04
35.84,2.50000000e-04
35.85,2.50000000e-04
35.86,2.50000000e-04
35.87,2.50000000e-04
35.88,2.50000000e-04
35.89,2.50000000e-04
35.90,2.50000000e-04
35.91,2.50000000e-04
35.92,2.50000000e-04
35.93,2.50000000e-04
35.94,2.50000000e-04
35.95,2.50000000e-04
35.96,2.50000000e-04
35.97,2.50000000e-04
35.98,2.50000000e-04
35.99,2.50000000e-04
36.00,2.50000000e-04
36.01,2.50000000e-04
36.02,2.50000000e-04
36.03,2.50000000e-04
36.04,2.50000000e-04
36.05,2.50000000e-04
36.06,2.50000000e-04
36.07,2.50000000e-04
36.08,2.50000000e-04
36.09,2.50000000e-04
36.10,2.50000000e-04
36.11,2.50000000e-04
36.12,2.50000000e-04
36.13,2.50000000e-04
36.14,2.50000000e-04
36.15,2.50000000e-04
36.16,2.50000000e-04
36.17,2.50000000e-04
36.18,2.50000000e-04
36.19,2.50000000e-04
36.20,2.50000000e-04
36.21,2.50000000e-04
36.22,2.50000000e-04
36.23,2.50000000e-04
36.24,2.50000000e-04
36.25,2.50000000e-04
36.26,2.50000000e-04
36.27,2.50000000e-04
36.28,2.50000000e-04
36.29,2.50000000e-04
36.30,2.50000000e-04
36.31,2.50000000e-04
36.32,2.50000000e-04
36.33,2.50000000e-04
36.34,2.50000000e-04
36.35,2.50000000e-04
36.36,2.50000000e-04
36.37,2.50000000e-04
36.38,2.50000000e-04
36.39,2.50000000e-04
36.40,2.50000000e-04
36.41,2.50000000e-04
36.42,2.50000000e-04
36.43,2.50000000e-04
36.44,2.50000000e-04
36.45,2.50000000e-04
36.46,2.50000000e-04
36.47,2.50000000e-04
36.48,2.50000000e-04
36.49,2.50000000e-04
36.50,2.50000000e-04
36.51,2.50000000e-04
36.52,2.50000000e-04
36.53,2.50000000e-04
36.54,2.50000000e-04
36.55,2.50000000e-04
36.56,2.50000000e-04
36.57,2.50000000e-04
36.58,2.50000000e-04
36.59,2.50000000e-04
36.60,2.50000000e-04
36.61,2.50000000e-04
36.62,2.50000000e-04
36.63,2.50000000e-04
36.64,2.50000000e-04
36.65,2.50000000e-04
36.66,2.50000000e-04
36.67,2.50000000e-04
36.68,2.50000000e-04
36.69,2.50000000e-04
36.70,2.50000000e-04
36.71,2.50000000e-04
36.72,2.50000000e-04
36.73,2.50000000e-04
36.74,2.50000000e-04
36.75,2.50000000e-04
36.76,2.50000000e-04
36.77,2.50000000e-04
36.78,2.50000000e-04
36.79,2.50000000e-04
36.80,2.50000000e-04
36.81,2.50000000e-04
36.82,2.50000000e-04
36.83,2.50000000e-04
36.84,2.50000000e-04
36.85,2.50000000e-04
36.86,2.50000000e-04
36.87,2.50000000e-04
36.88,2.50000000e-04
36.89,2.50000000e-04
36.90,2.50000000e-04
36.91,2.50000000e-04
36.92,2.50000000e-04
36.93,2.50000000e-04
36.94,2.50000000e-04
36.95,2.50000000e-04
36.96,2.50000000e-04
36.97,2.50000000e-04
36.98,2.50000000e-04
36.99,2.50000000e-04
37.00,2.50000000e-04
37.01,2.50000000e-04
37.02,2.50000000e-04
37.03,2.50000000e-04
37.04,2.50000000e-04
37.05,2.50000000e-04
37.06,2.50000000e-04
37.07,2.50000000e-04
37.08,2.50000000e-04
37.09,2.50000000e-04
37.10,2.50000000e-04
37.11,2.50000000e-04
37.12,2.50000000e-04
37.13,2.50000000e-04
37.14,2.50000000e-04
37.15,2.50000000e-04
37.16,2.50000000e-04
37.17,2.50000000e-04
37.18,2.50000000e-04
37.19,2.50000000e-04
37.20,2.50000000e-04
37.21,2.50000000e-04
37.22,2.50000000e-04
37.23,2.50000000e-04
37.24,2.50000000e-04
37.25,2.50000000e-04
37.26,2.50000000e-04
37.27,2.50000000e-04
37.28,2.50000000e-04
37.29,2.50000000e-04
37.30,2.50000000e-04
37.31,2.50000000e-04
37.32,2.50000000e-04
37.33,2.50000000e-04
37.34,2.50000000e-04
37.35,2.50000000e-04
37.36,2.50000000e-04
37.37,2.50000000e-04
37.38,2.50000000e-04
37.39,2.50000000e-04
37.40,2.50000000e-04
37.41,2.50000000e-04
37.42,2.50000000e-04
37.43,2.50000000e-04
37.44,2.50000000e-04
37.45,2.50000000e-04
37.46,2.50000000e-04
37.47,2.50000000e-04
37.48,2.50000000e-04
37.49,2.50000000e-04
37.50,2.50000000e-04
37.51,2.50000000e-04
37.52,2.50000000e-04
37.53,2.50000000e-04
37.54,2.50000000e-04
37.55,2.50000000e-04
37.56,2.50000000e-04
37.57,2.50000000e-04
37.58,2.50000000e-04
37.59,2.50000000e-04
37.60,2.50000000e-04
37.61,2.50000000e-04
37.62,2.50000000e-04
37.63,2.50000000e-04
37.64,2.50000000e-04
37.65,2.50000000e-04
37.66,2.50000000e-04
37.67,2.50000000e-04
37.68,2.50000000e-04
37.69,2.50000000e-04
37.70,2.50000000e-04
37.71,2.50000000e-04
37.72,2.50000000e-04
37.73,2.50000000e-04
37.74,2.50000000e-04
37.75,2.50000000e-04
37.76,2.50000000e-04
37.77,2.50000000e-04
37.78,2.50000000e-04
37.79,2.50000000e-04
37.80,2.50000000e-04
37.81,2.50000000e-04
37.82,2.50000000e-04
37.83,2.50000000e-04
37.84,2.50000000e-04
37.85,2.50000000e-04
37.86,2.50000000e-04
37.87,2.50000000e-04
37.88,2.50000000e-04
37.89,2.50000000e-04
37.90,2.50000000e-04
37.91,2.50000000e-04
37.92,2.50000000e-04
37.93,2.50000000e-04
37.94,2.50000000e-04
37.95,2.50000000e-04
37.96,2.50000000e-04
37.97,2.50000000e-04
37.98,2.50000000e-04
37.99,2.50000000e-04
38.00,2.50000000e-04
38.01,2.50000000e-04
38.02,2.50000000e-04
38.03,2.50000000e-04
38.04,2.50000000e-04
38.05,2.50000000e-04
38.06,2.50000000e-04
38.07,2.50000000e-04
38.08,2.50000000e-04
38.09,2.50000000e-04
38.10,2.50000000e-04
38.11,2.50000000e-04
38.12,2.50000000e-04
38.13,2.50000000e-04
38.14,2.50000000e-04
38.15,2.50000000e-04
38.16,2.50000000e-04
38.17,2.50000000e-04
38.18,2.50000000e-04
38.19,2.50000000e-04
38.20,2.50000000e-04
38.21,2.50000000e-04
38.22,2.50000000e-04
38.23,2.50000000e-04
38.24,2.50000000e-04
38.25,2.50000000e-04
38.26,2.50000000e-04
38.27,2.50000000e-04
38.28,2.50000000e-04
38.29,2.50000000e-04
38.30,2.50000000e-04
38.31,2.50000000e-04
38.32,2.50000000e-04
38.33,2.50000000e-04
38.34,2.50000000e-04
38.35,2.50000000e-04
38.36,2.50000000e-04
38.37,2.50000000e-04
38.38,2.50000000e-04
38.39,2.50000000e-04
38.40,2.50000000e-04
38.41,2.50000000e-04
38.42,2.50000000e-04
38.43,2.50000000e-04
38.44,2.50000000e-04
38.45,2.50000000e-04
38.46,2.50000000e-04
38.47,2.50000000e-04
38.48,2.50000000e-04
38.49,2.50000000e-04
38.50,2.50000000e-04
38.51,2.50000000e-04
38.52,2.50000000e-04
38.53,2.50000000e-04
38.54,2.50000000e-04
38.55,2.50000000e-04
38.56,2.50000000e-04
38.57,2.50000000e-04
38.58,2.50000000e-04
38.59,2.50000000e-04
38.60,2.50000000e-04
38.61,2.50000000e-04
38.62,2.50000000e-04
38.63,2.50000000e-04
38.64,2.50000000e-04
38.65,2.50000000e-04
38.66,2.50000000e-04
38.67,2.50000000e-04
38.68,2.50000000e-04
38.69,2.50000000e-04
38.70,2.50000000e-04
38.71,2.50000000e-04
38.72,2.50000000e-04
38.73,2.50000000e-04
38.74,2.50000000e-04
38.75,2.50000000e-04
38.76,2.50000000e-04
38.77,2.50000000e-04
38.78,2.50000000e-04
38.79,2.50000000e-04
38.80,2.50000000e-04
38.81,2.50000000e-04
38.82,2.50000000e-04
38.83,2.50000000e-04
38.84,2.50000000e-04
38.85,2.50000000e-04
38.86,2.50000000e-04
38.87,2.50000000e-04
38.88,2.50000000e-04
38.89,2.50000000e-04
38.90,2.50000000e-04
38.91,2.50000000e-04
38.92,2.50000000e-04
38.93,2.50000000e-04
38.94,2.50000000e-04
38.95,2.50000000e-04
38.96,2.50000000e-04
38.97,2.50000000e-04
38.98,2.50000000e-04
38.99,2.50000000e-04
39.00,2.50000000e-04
39.01,2.50000000e-04
39.02,2.50000000e-04
39.03,2.50000000e-04
39.04,2.50000000e-04
39.05,2.50000000e-04
39.06,2.50000000e-04
39.07,2.50000000e-04
39.08,2.50000000e-04
39.09,2.50000000e-04
39.10,2.50000000e-04
39.11,2.50000000e-04
39.12,2.50000000e-04
39.13,2.50000000e-04
39.14,2.50000000e-04
39.15,2.50000000e-04
39.16,2.50000000e-04
39.17,2.50000000e-04
39.18,2.50000000e-04
39.19,2.50000000e-04
39.20,2.50000000e-04
39.21,2.50000000e-04
39.22,2.50000000e-04
39.23,2.50000000e-04
39.24,2.50000000e-04
39.25,2.50000000e-04
39.26,2.50000000e-04
39.27,2.50000000e-04
39.28,2.50000000e-04
39.29,2.50000000e-04
39.30,2.50000000e-04
39.31,2.50000000e-04
39.32,2.50000000e-04
39.33,2.50000000e-04
39.34,2.50000000e-04
39.35,2.50000000e-04
39.36,2.50000000e-04
39.37,2.50000000e-04
39.38,2.50000000e-04
39.39,2.50000000e-04
39.40,2.50000000e-04
39.41,2.50000000e-04
39.42,2.50000000e-04
39.43,2.50000000e-04
39.44,2.50000000e-04
39.45,2.50000000e-04
39.46,2.50000000e-04
39.47,2.50000000e-04
39.48,2.50000000e-04
39.49,2.50000000e-04
39.50,2.50000000e-04
39.51,2.50000000e-04
39.52,2.50000000e-04
39.53,2.50000000e-04
39.54,2.50000000e-04
39.55,2.50000000e-04
39.56,2.50000000e-04
39.57,2.50000000e-04
39.58,2.50000000e-04
39.59,2.50000000e-04
39.60,2.50000000e-04
39.61,2.50000000e-04
39.62,2.50000000e-04
39.63,2.50000000e-04
39.64,2.50000000e-04
39.65,2.50000000e-04
39.66,2.50000000e-04
39.67,2.50000000e-04
39.68,2.50000000e-04
39.69,2.50000000e-04
39.70,2.50000000e-04
39.71,2.50000000e-04
39.72,2.50000000e-04
39.73,2.50000000e-04
39.74,2.50000000e-04
39.75,2.50000000e-04
39.76,2.50000000e-04
39.77,2.50000000e-04
39.78,2.50000000e-04
39.79,2.50000000e-04
39.80,2.50000000e-04
39.81,2.50000000e-04
39.82,2.50000000e-04
39.83,2.50000000e-04
39.84,2.50000000e-04
39.85,2.50000000e-04
39.86,2.50000000e-04
39.87,2.50000000e-04
39.88,2.50000000e-04
39.89,2.50000000e-04
39.90,2.50000000e-04
39.91,2.50000000e-04
39.92,2.50000000e-04
39.93,2.50000000e-04
39.94,2.50000000e-04
39.95,2.50000000e-04
39.96,2.50000000e-04
39.97,2.50000000e-04
39.98,2.50000000e-04
39.99,2.50000000e-04
40.00,2.50000000e-04
40.01,2.50000000e-04
40.02,2.50000000e-04
40.03,2.50000000e-04
40.04,2.50000000e-04
40.05,2.50000000e-04
40.06,2.50000000e-04
40.07,2.50000000e-04
40.08,2.50000000e-04
40.09,2.50000000e-04
40.10,2.50000000e-04
40.11,2.50000000e-04
40.12,2.50000000e-04
40.13,2.50000000e-04
40.14,2.50000000e-04
40.15,2.50000000e-04
40.16,2.50000000e-04
40.17,2.50000000e-04
40.18,2.50000000e-04
40.19,2.50000000e-04
40.20,2.50000000e-04
40.21,2.50000000e-04
40.22,2.50000000e-04
40.23,2.50000000e-04
40.24,2.50000000e-04
40.25,2.50000000e-04
40.26,2.50000000e-04
40.27,2.50000000e-04
40.28,2.50000000e-04
40.29,2.50000000e-04
40.30,2.50000000e-04
40.31,2.50000000e-04
40.32,2.50000000e-04
40.33,2.50000000e-04
40.34,2.50000000e-04
40.35,2.50000000e-04
40.36,2.50000000e-04
40.37,2.50000000e-04
40.38,2.50000000e-04
40.39,2.50000000e-04
40.40,2.50000000e-04
40.41,2.50000000e-04
40.42,2.50000000e-04
40.43,2.50000000e-04
40.44,2.50000000e-04
40.45,2.50000000e-04
40.46,2.50000000e-04
40.47,2.50000000e-04
40.48,2.50000000e-04
40.49,2.50000000e-04
40.50,2.50000000e-04
40.51,2.50000000e-04
40.52,2.50000000e-04
40.53,2.50000000e-04
40.54,2.50000000e-04
40.55,2.50000000e-04
40.56,2.50000000e-04
40.57,2.50000000e-04
40.58,2.50000000e-04
40.59,2.50000000e-04
40.60,2.50000000e-04
40.61,2.50000000e-04
40.62,2.50000000e-04
40.63,2.50000000e-04
40.64,2.50000000e-04
40.65,2.50000000e-04
40.66,2.50000000e-04
40.67,2.50000000e-04
40.68,2.50000000e-04
40.69,2.50000000e-04
40.70,2.50000000e-04
40.71,2.50000000e-04
40.72,2.50000000e-04
40.73,2.50000000e-04
40.74,2.50000000e-04
40.75,2.50000000e-04
40.76,2.50000000e-04
40.77,2.50000000e-04
40.78,2.50000000e-04
40.79,2.50000000e-04
40.80,2.50000000e-04
40.81,2.50000000e-04
40.82,2.50000000e-04
40.83,2.50000000e-04
40.84,2.50000000e-04
40.85,2.50000000e-04
40.86,2.50000000e-04
40.87,2.50000000e-04
40.88,2.50000000e-04
40.89,2.50000000e-04
40.90,2.50000000e-04
40.91,2.50000000e-04
40.92,2.50000000e-04
40.93,2.50000000e-04
40.94,2.50000000e-04
40.95,2.50000000e-04
40.96,2.50000000e-04
40.97,2.50000000e-04
40.98,2.50000000e-04
40.99,2.50000000e-04
41.00,2.50000000e-04
41.01,2.50000000e-04
41.02,2.50000000e-04
41.03,2.50000000e-04
41.04,2.50000000e-04
41.05,2.50000000e-04
41.06,2.50000000e-04
41.07,2.50000000e-04
41.08,2.50000000e-04
41.09,2.50000000e-04
41.10,2.50000000e-04
41.11,2.50000000e-04
41.12,2.50000000e-04
41.13,2.50000000e-04
41.14,2.50000000e-04
41.15,2.50000000e-04
41.16,2.50000000e-04
41.17,2.50000000e-04
41.18,2.50000000e-04
41.19,2.50000000e-04
41.20,2.50000000e-04
41.21,2.50000000e-04
41.22,2.50000000e-04
41.23,2.50000000e-04
41.24,2.50000000e-04
41.25,2.50000000e-04
41.26,2.50000000e-04
41.27,2.50000000e-04
41.28,2.50000000e-04
41.29,2.50000000e-04
41.30,2.50000000e-04
41.31,2.50000000e-04
41.32,2.50000000e-04
41.33,2.50000000e-04
41.34,2.50000000e-04
41.35,2.50000000e-04
41.36,2.50000000e-04
41.37,2.50000000e-04
41.38,2.50000000e-04
41.39,2.50000000e-04
41.40,2.50000000e-04
41.41,2.50000000e-04
41.42,2.50000000e-04
41.43,2.50000000e-04
41.44,2.50000000e-04
41.45,2.50000000e-04
41.46,2.50000000e-04
41.47,2.50000000e-04
41.48,2.50000000e-04
41.49,2.50000000e-04
41.50,2.50000000e-04
41.51,2.50000000e-04
41.52,2.50000000e-04
41.53,2.50000000e-04
41.54,2.50000000e-04
41.55,2.50000000e-04
41.56,2.50000000e-04
41.57,2.50000000e-04
41.58,2.50000000e-04
41.59,2.50000000e-04
41.60,2.50000000e-04
41.61,2.50000000e-04
41.62,2.50000000e-04
41.63,2.50000000e-04
41.64,2.50000000e-04
41.65,2.50000000e-04
41.66,2.50000000e-04
41.67,2.50000000e-04
41.68,2.50000000e-04
41.69,2.50000000e-04
41.70,2.50000000e-04
41.71,2.50000000e-04
41.72,2.50000000e-04
41.73,2.50000000e-04
41.74,2.50000000e-04
41.75,2.50000000e-04
41.76,2.50000000e-04
41.77,2.50000000e-04
41.78,2.50000000e-04
41.79,2.50000000e-04
41.80,2.50000000e-04
41.81,2.50000000e-04
41.82,2.50000000e-04
41.83,2.50000000e-04
41.84,2.50000000e-04
41.85,2.50000000e-04
41.86,2.50000000e-04
41.87,2.50000000e-04
41.88,2.50000000e-04
41.89,2.50000000e-04
41.90,2.50000000e-04
41.91,2.50000000e-04
41.92,2.50000000e-04
41.93,2.50000000e-04
41.94,2.50000000e-04
41.95,2.50000000e-04
41.96,2.50000000e-04
41.97,2.50000000e-04
41.98,2.50000000e-04
41.99,2.50000000e-04
42.00,2.50000000e-04
42.01,2.50000000e-04
42.02,2.50000000e-04
42.03,2.50000000e-04
42.04,2.50000000e-04
42.05,2.50000000e-04
42.06,2.50000000e-04
42.07,2.50000000e-04
42.08,2.50000000e-04
42.09,2.50000000e-04
42.10,2.50000000e-04
42.11,2.50000000e-04
42.12,2.50000000e-04
42.13,2.50000000e-04
42.14,2.50000000e-04
42.15,2.50000000e-04
42.16,2.50000000e-04
42.17,2.50000000e-04
42.18,2.50000000e-04
42.19,2.50000000e-04
42.20,2.50000000e-04
42.21,2.50000000e-04
42.22,2.50000000e-04
42.23,2.50000000e-04
42.24,2.50000000e-04
42.25,2.50000000e-04
42.26,2.50000000e-04
42.27,2.50000000e-04
42.28,2.50000000e-04
42.29,2.50000000e-04
42.30,2.50000000e-04
42.31,2.50000000e-04
42.32,2.50000000e-04
42.33,2.50000000e-04
42.34,2.50000000e-04
42.35,2.50000000e-04
42.36,2.50000000e-04
42.37,2.50000000e-04
42.38,2.50000000e-04
42.39,2.50000000e-04
42.40,2.50000000e-04
42.41,2.50000000e-04
42.42,2.50000000e-04
42.43,2.50000000e-04
42.44,2.50000000e-04
42.45,2.50000000e-04
42.46,2.50000000e-04
42.47,2.50000000e-04
42.48,2.50000000e-04
42.49,2.50000000e-04
42.50,2.50000000e-04
42.51,2.50000000e-04
42.52,2.50000000e-04
42.53,2.50000000e-04
42.54,2.50000000e-04
42.55,2.50000000e-04
42.56,2.50000000e-04
42.57,2.50000000e-04
42.58,2.50000000e-04
42.59,2.50000000e-04
42.60,2.50000000e-04
42.61,2.50000000e-04
42.62,2.50000000e-04
42.63,2.50000000e-04
42.64,2.50000000e-04
42.65,2.50000000e-04
42.66,2.50000000e-04
42.67,2.50000000e-04
42.68,2.50000000e-04
42.69,2.50000000e-04
42.70,2.50000000e-04
42.71,2.50000000e-04
42.72,2.50000000e-04
42.73,2.50000000e-04
42.74,2.50000000e-04
42.75,2.50000000e-04
42.76,2.50000000e-04
42.77,2.50000000e-04
42.78,2.50000000e-04
42.79,2.50000000e-04
42.80,2.50000000e-04
42.81,2.50000000e-04
42.82,2.50000000e-04
42.83,2.50000000e-04
42.84,2.50000000e-04
42.85,2.50000000e-04
42.86,2.50000000e-04
42.87,2.50000000e-04
42.88,2.50000000e-04
42.89,2.50000000e-04
42.90,2.50000000e-04
42.91,2.50000000e-04
42.92,2.50000000e-04
42.93,2.50000000e-04
42.94,2.50000000e-04
42.95,2.50000000e-04
42.96,2.50000000e-04
42.97,2.50000000e-04
42.98,2.50000000e-04
42.99,2.50000000e-04
43.00,2.50000000e-04
43.01,2.50000000e-04
43.02,2.50000000e-04
43.03,2.50000000e-04
43.04,2.50000000e-04
43.05,2.50000000e-04
43.06,2.50000000e-04
43.07,2.50000000e-04
43.08,2.50000000e-04
43.09,2.50000000e-04
43.10,2.50000000e-04
43.11,2.50000000e-04
43.12,2.50000000e-04
43.13,2.50000000e-04
43.14,2.50000000e-04
43.15,2.50000000e-04
43.16,2.50000000e-04
43.17,2.50000000e-04
43.18,2.50000000e-04
43.19,2.50000000e-04
43.20,2.50000000e-04
43.21,2.50000000e-04
43.22,2.50000000e-04
43.23,2.50000000e-04
43.24,2.50000000e-04
43.25,2.50000000e-04
43.26,2.50000000e-04
43.27,2.50000000e-04
43.28,2.50000000e-04
43.29,2.50000000e-04
43.30,2.50000000e-04
43.31,2.50000000e-04
43.32,2.50000000e-04
43.33,2.50000000e-04
43.34,2.50000000e-04
43.35,2.50000000e-04
43.36,2.50000000e-04
43.37,2.50000000e-04
43.38,2.50000000e-04
43.39,2.50000000e-04
43.40,2.50000000e-04
43.41,2.50000000e-04
43.42,2.50000000e-04
43.43,2.50000000e-04
43.44,2.50000000e-04
43.45,2.50000000e-04
43.46,2.50000000e-04
43.47,2.50000000e-04
43.48,2.50000000e-04
43.49,2.50000000e-04
43.50,2.50000000e-04
43.51,2.50000000e-04
43.52,2.50000000e-04
43.53,2.50000000e-04
43.54,2.50000000e-04
43.55,2.50000000e-04
43.56,2.50000000e-04
43.57,2.50000000e-04
43.58,2.50000000e-04
43.59,2.50000000e-04
43.60,2.50000000e-04
43.61,2.50000000e-04
43.62,2.50000000e-04
43.63,2.50000000e-04
43.64,2.50000000e-04
43.65,2.50000000e-04
43.66,2.50000000e-04
43.67,2.50000000e-04
43.68,2.50000000e-04
43.69,2.50000000e-04
43.70,2.50000000e-04
43.71,2.50000000e-04
43.72,2.50000000e-04
43.73,2.50000000e-04
43.74,2.50000000e-04
43.75,2.50000000e-04
43.76,2.50000000e-04
43.77,2.50000000e-04
43.78,2.50000000e-04
43.79,2.50000000e-04
43.80,2.50000000e-04
43.81,2.50000000e-04
43.82,2.50000000e-04
43.83,2.50000000e-04
43.84,2.50000000e-04
43.85,2.50000000e-04
43.86,2.50000000e-04
43.87,2.50000000e-04
43.88,2.50000000e-04
43.89,2.50000000e-04
43.90,2.50000000e-04
43.91,2.50000000e-04
43.92,2.50000000e-04
43.93,2.50000000e-04
43.94,2.50000000e-04
43.95,2.50000000e-04
43.96,2.50000000e-04
43.97,2.50000000e-04
43.98,2.50000000e-04
43.99,2.50000000e-04
44.00,2.50000000e-04
44.01,2.50000000e-04
44.02,2.50000000e-04
44.03,2.50000000e-04
44.04,2.50000000e-04
44.05,2.50000000e-04
44.06,2.50000000e-04
44.07,2.50000000e-04
44.08,2.50000000e-04
44.09,2.50000000e-04
44.10,2.50000000e-04
44.11,2.50000000e-04
44.12,2.50000000e-04
44.13,2.50000000e-04
44.14,2.50000000e-04
44.15,2.50000000e-04
44.16,2.50000000e-04
44.17,2.50000000e-04
44.18,2.50000000e-04
44.19,2.50000000e-04
44.20,2.50000000e-04
44.21,2.50000000e-04
44.22,2.50000000e-04
44.23,2.50000000e-04
44.24,2.50000000e-04
44.25,2.50000000e-04
44.26,2.50000000e-04
44.27,2.50000000e-04
44.28,2.50000000e-04
44.29,2.50000000e-04
44.30,2.50000000e-04
44.31,2.50000000e-04
44.32,2.50000000e-04
44.33,2.50000000e-04
44.34,2.50000000e-04
44.35,2.50000000e-04
44.36,2.50000000e-04
44.37,2.50000000e-04
44.38,2.50000000e-04
44.39,2.50000000e-04
44.40,2.50000000e-04
44.41,2.50000000e-04
44.42,2.50000000e-04
44.43,2.50000000e-04
44.44,2.50000000e-04
44.45,2.50000000e-04
44.46,2.50000000e-04
44.47,2.50000000e-04
44.48,2.50000000e-04
44.49,2.50000000e-04
44.50,2.50000000e-04
44.51,2.50000000e-04
44.52,2.50000000e-04
44.53,2.50000000e-04
44.54,2.50000000e-04
44.55,2.50000000e-04
44.56,2.50000000e-04
44.57,2.50000000e-04
44.58,2.50000000e-04
44.59,2.50000000e-04
44.60,2.50000000e-04
44.61,2.50000000e-04
44.62,2.50000000e-04
44.63,2.50000000e-04
44.64,2.50000000e-04
44.65,2.50000000e-04
44.66,2.50000000e-04
44.67,2.50000000e-04
44.68,2.50000000e-04
44.69,2.50000000e-04
44.70,2.50000000e-04
44.71,2.50000000e-04
44.72,2.50000000e-04
44.73,2.50000000e-04
44.74,2.50000000e-04
44.75,2.50000000e-04
44.76,2.50000000e-04
44.77,2.50000000e-04
44.78,2.50000000e-04
44.79,2.50000000e-04
44.80,2.50000000e-04
44.81,2.50000000e-04
44.82,2.50000000e-04
44.83,2.50000000e-04
44.84,2.50000000e-04
44.85,2.50000000e-04
44.86,2.50000000e-04
44.87,2.50000000e-04
44.88,2.50000000e-04
44.89,2.50000000e-04
44.90,2.50000000e-04
44.91,2.50000000e-04
44.92,2.50000000e-04
44.93,2.50000000e-04
44.94,2.50000000e-04
44.95,2.50000000e-04
44.96,2.50000000e-04
44.97,2.50000000e-04
44.98,2.50000000e-04
44.99,2.50000000e-04
45.00,2.50000000e-04
