Angle(deg),BER
0.00,6.43574363e-04
0.01,6.43544033e-04
0.02,6.43453819e-04
0.03,6.43305038e-04
0.04,6.43098856e-04
0.05,6.42836373e-04
0.06,6.42518675e-04
0.07,6.42146844e-04
0.08,6.41721966e-04
0.09,6.41245124e-04
0.10,6.40717405e-04
0.11,6.40139892e-04
0.12,6.39513669e-04
0.13,6.38839813e-04
0.14,6.38119395e-04
0.15,6.37353482e-04
0.16,6.36543129e-04
0.17,6.35689386e-04
0.18,6.34793292e-04
0.19,6.33855877e-04
0.20,6.32878161e-04
0.21,6.31861154e-04
0.22,6.30805855e-04
0.23,6.29713253e-04
0.24,6.28584324e-04
0.25,6.27420036e-04
0.26,6.26221341e-04
0.27,6.24989181e-04
0.28,6.23724488e-04
0.29,6.22428177e-04
0.30,6.21101154e-04
0.31,6.19744310e-04
0.32,6.18358525e-04
0.33,6.16944663e-04
0.34,6.15503576e-04
0.35,6.14036105e-04
0.36,6.12543073e-04
0.37,6.11025293e-04
0.38,6.09483562e-04
0.39,6.07918664e-04
0.40,6.06331370e-04
0.41,6.04722436e-04
0.42,6.03092605e-04
0.43,6.01442605e-04
0.44,5.99773152e-04
0.45,5.98084947e-04
0.46,5.96378679e-04
0.47,5.94655020e-04
0.48,5.92914631e-04
0.49,5.91158160e-04
0.50,5.89386240e-04
0.51,5.87599492e-04
0.52,5.85798522e-04
0.53,5.83983925e-04
0.54,5.82156282e-04
0.55,5.80316161e-04
0.56,5.78464119e-04
0.57,5.76600699e-04
0.58,5.74726431e-04
0.59,5.72841834e-04
0.60,5.70947415e-04
0.61,5.69043670e-04
0.62,5.67131080e-04
0.63,5.65210119e-04
0.64,5.63281245e-04
0.65,5.61344909e-04
0.66,5.59401548e-04
0.67,5.57451589e-04
0.68,5.55495450e-04
0.69,5.53533536e-04
0.70,5.51566244e-04
0.71,5.49593959e-04
0.72,5.47617058e-04
0.73,5.45635906e-04
0.74,5.43650860e-04
0.75,5.41662269e-04
0.76,5.39670469e-04
0.77,5.37675791e-04
0.78,5.35678555e-04
0.79,5.33679072e-04
0.80,5.31677646e-04
0.81,5.29674573e-04
0.82,5.27670138e-04
0.83,5.25664623e-04
0.84,5.23658297e-04
0.85,5.21651425e-04
0.86,5.19644263e-04
0.87,5.17637061e-04
0.88,5.15630060e-04
0.89,5.13623496e-04
0.90,5.11617597e-04
0.91,5.09612585e-04
0.92,5.07608676e-04
0.93,5.05606078e-04
0.94,5.03604995e-04
0.95,5.01605624e-04
0.96,4.99608156e-04
0.97,4.97612776e-04
0.98,4.95619664e-04
0.99,4.93628994e-04
1.00,4.91640937e-04
1.01,4.89655655e-04
1.02,4.87673307e-04
1.03,4.85694048e-04
1.04,4.83718027e-04
1.05,4.81745387e-04
1.06,4.79776270e-04
1.07,4.77810811e-04
1.08,4.75849141e-04
1.09,4.73891386e-04
1.10,4.71937670e-04
1.11,4.69988112e-04
1.12,4.68042826e-04
1.13,4.66101923e-04
1.14,4.64165512e-04
1.15,4.62233695e-04
1.16,4.60306574e-04
1.17,4.58384245e-04
1.18,4.56466801e-04
1.19,4.54554334e-04
1.20,4.52646929e-04
1.21,4.50744672e-04
1.22,4.48847643e-04
1.23,4.46955921e-04
1.24,4.45069580e-04
1.25,4.43188694e-04
1.26,4.41313331e-04
1.27,4.39443561e-04
1.28,4.37579447e-04
1.29,4.35721051e-04
1.30,4.33868433e-04
1.31,4.32021651e-04
1.32,4.30180760e-04
1.33,4.28345812e-04
1.34,4.26516859e-04
1.35,4.24693949e-04
1.36,4.22877129e-04
1.37,4.21066443e-04
1.38,4.19261935e-04
1.39,4.17463644e-04
1.40,4.15671609e-04
1.41,4.13885868e-04
1.42,4.12106457e-04
1.43,4.10333408e-04
1.44,4.08566754e-04
1.45,4.06806524e-04
1.46,4.05052749e-04
1.47,4.03305455e-04
1.48,4.01564668e-04
1.49,3.99830412e-04
1.50,3.98102711e-04
1.51,3.96381585e-04
1.52,3.94667056e-04
1.53,3.92959141e-04
1.54,3.91257859e-04
1.55,3.89563227e-04
1.56,3.87875258e-04
1.57,3.86193968e-04
1.58,3.84519370e-04
1.59,3.82851474e-04
1.60,3.81190293e-04
1.61,3.79535835e-04
1.62,3.77888110e-04
1.63,3.76247124e-04
1.64,3.74612886e-04
1.65,3.72985400e-04
1.66,3.71364671e-04
1.67,3.69750704e-04
1.68,3.68143501e-04
1.69,3.66543066e-04
1.70,3.64949398e-04
1.71,3.63362500e-04
1.72,3.61782370e-04
1.73,3.60209008e-04
1.74,3.58642412e-04
1.75,3.57082581e-04
1.76,3.55529510e-04
1.77,3.53983197e-04
1.78,3.52443636e-04
1.79,3.50910823e-04
1.80,3.49384753e-04
1.81,3.47865418e-04
1.82,3.46352813e-04
1.83,3.44846929e-04
1.84,3.43347758e-04
1.85,3.41855293e-04
1.86,3.40369524e-04
1.87,3.38890442e-04
1.88,3.37418036e-04
1.89,3.35952296e-04
1.90,3.34493210e-04
1.91,3.33040769e-04
1.92,3.31594958e-04
1.93,3.30155767e-04
1.94,3.28723181e-04
1.95,3.27297189e-04
1.96,3.25877776e-04
1.97,3.24464929e-04
1.98,3.23058633e-04
1.99,3.21658873e-04
2.00,3.20265634e-04
2.01,3.18878901e-04
2.02,3.17498658e-04
2.03,3.16124889e-04
2.04,3.14757577e-04
2.05,3.13396706e-04
2.06,3.12042259e-04
2.07,3.10694218e-04
2.08,3.09352566e-04
2.09,3.08017285e-04
2.10,3.06688357e-04
2.11,3.05365763e-04
2.12,3.04049485e-04
2.13,3.02739505e-04
2.14,3.01435802e-04
2.15,3.00138358e-04
2.16,2.98847153e-04
2.17,2.97562168e-04
2.18,2.96283382e-04
2.19,2.95010775e-04
2.20,2.93744328e-04
2.21,2.92484019e-04
2.22,2.91229829e-04
2.23,2.89981735e-04
2.24,2.88739718e-04
2.25,2.87503755e-04
2.26,2.86273826e-04
2.27,2.85049910e-04
2.28,2.83831985e-04
2.29,2.82620028e-04
2.30,2.81414019e-04
2.31,2.80213935e-04
2.32,2.79019754e-04
2.33,2.77831455e-04
2.34,2.76649014e-04
2.35,2.75472410e-04
2.36,2.74301619e-04
2.37,2.73136620e-04
2.38,2.71977390e-04
2.39,2.70823905e-04
2.40,2.69676144e-04
2.41,2.68534083e-04
2.42,2.67397699e-04
2.43,2.66266970e-04
2.44,2.65141872e-04
2.45,2.64022382e-04
2.46,2.62908477e-04
2.47,2.61800134e-04
2.48,2.60697328e-04
2.49,2.59600038e-04
2.50,2.58508240e-04
2.51,2.57421910e-04
2.52,2.56341024e-04
2.53,2.55265560e-04
2.54,2.54195494e-04
2.55,2.53130802e-04
2.56,2.52071460e-04
2.57,2.51017446e-04
2.58,2.49968736e-04
2.59,2.48925305e-04
2.60,2.47887131e-04
2.61,2.46854190e-04
2.62,2.45826458e-04
2.63,2.44803912e-04
2.64,2.43786528e-04
2.65,2.42774282e-04
2.66,2.41767151e-04
2.67,2.40765111e-04
2.68,2.39768139e-04
2.69,2.38776212e-04
2.70,2.37789305e-04
2.71,2.36807395e-04
2.72,2.35830458e-04
2.73,2.34858472e-04
2.74,2.33891413e-04
2.75,2.32929257e-04
2.76,2.31971981e-04
2.77,2.31019561e-04
2.78,2.30071975e-04
2.79,2.29129199e-04
2.80,2.28191209e-04
2.81,2.27257983e-04
2.82,2.26329497e-04
2.83,2.25405728e-04
2.84,2.24486653e-04
2.85,2.23572250e-04
2.86,2.22662494e-04
2.87,2.21757364e-04
2.88,2.20856835e-04
2.89,2.19960886e-04
2.90,2.19069494e-04
2.91,2.18182635e-04
2.92,2.17300287e-04
2.93,2.16422428e-04
2.94,2.15549035e-04
2.95,2.14680085e-04
2.96,2.13815555e-04
2.97,2.12955425e-04
2.98,2.12099670e-04
2.99,2.11248269e-04
3.00,2.10401200e-04
3.01,2.09558440e-04
3.02,2.08719967e-04
3.03,2.07885760e-04
3.04,2.07055796e-04
3.05,2.06230053e-04
3.06,2.05408511e-04
3.07,2.04591146e-04
3.08,2.03777937e-04
3.09,2.02968863e-04
3.10,2.02163902e-04
3.11,2.01363033e-04
3.12,2.00566233e-04
3.13,1.99773483e-04
3.14,1.98984760e-04
3.15,1.98200044e-04
3.16,1.97419314e-04
3.17,1.96642547e-04
3.18,1.95869724e-04
3.19,1.95100824e-04
3.20,1.94335825e-04
3.21,1.93574708e-04
3.22,1.92817451e-04
3.23,1.92064034e-04
3.24,1.91314436e-04
3.25,1.90568638e-04
3.26,1.89826618e-04
3.27,1.89088357e-04
3.28,1.88353834e-04
3.29,1.87623030e-04
3.30,1.86895924e-04
3.31,1.86172496e-04
3.32,1.85452727e-04
3.33,1.84736597e-04
3.34,1.84024087e-04
3.35,1.83315176e-04
3.36,1.82609845e-04
3.37,1.81908076e-04
3.38,1.81209848e-04
3.39,1.80515142e-04
3.40,1.79823940e-04
3.41,1.79136221e-04
3.42,1.78451968e-04
3.43,1.77771161e-04
3.44,1.77093782e-04
3.45,1.76419811e-04
3.46,1.75749231e-04
3.47,1.75082022e-04
3.48,1.74418167e-04
3.49,1.73757646e-04
3.50,1.73100442e-04
3.51,1.72446536e-04
3.52,1.71795910e-04
3.53,1.71148547e-04
3.54,1.70504428e-04
3.55,1.69863535e-04
3.56,1.69225851e-04
3.57,1.68591358e-04
3.58,1.67960038e-04
3.59,1.67331874e-04
3.60,1.66706848e-04
3.61,1.66084944e-04
3.62,1.65466143e-04
3.63,1.64850429e-04
3.64,1.64237784e-04
3.65,1.63628192e-04
3.66,1.63021636e-04
3.67,1.62418099e-04
3.68,1.61817563e-04
3.69,1.61220013e-04
3.70,1.60625432e-04
3.71,1.60033804e-04
3.72,1.59445111e-04
3.73,1.58859338e-04
3.74,1.58276468e-04
3.75,1.57696486e-04
3.76,1.57119374e-04
3.77,1.56545118e-04
3.78,1.55973702e-04
3.79,1.55405108e-04
3.80,1.54839323e-04
3.81,1.54276330e-04
3.82,1.53716113e-04
3.83,1.53158657e-04
3.84,1.52603947e-04
3.85,1.52051967e-04
3.86,1.51502702e-04
3.87,1.50956137e-04
3.88,1.50412258e-04
3.89,1.49871047e-04
3.90,1.49332492e-04
3.91,1.48796577e-04
3.92,1.48263288e-04
3.93,1.47732609e-04
3.94,1.47204526e-04
3.95,1.46679024e-04
3.96,1.46156090e-04
3.97,1.45635709e-04
3.98,1.45117866e-04
3.99,1.44602547e-04
4.00,1.44089739e-04
4.01,1.43579427e-04
4.02,1.43071597e-04
4.03,1.42566235e-04
4.04,1.42063328e-04
4.05,1.41562861e-04
4.06,1.41064822e-04
4.07,1.40569196e-04
4.08,1.40075971e-04
4.09,1.39585132e-04
4.10,1.39096666e-04
4.11,1.38610560e-04
4.12,1.38126801e-04
4.13,1.37645375e-04
4.14,1.37166270e-04
4.15,1.36689473e-04
4.16,1.36214971e-04
4.17,1.35742750e-04
4.18,1.35272799e-04
4.19,1.34805104e-04
4.20,1.34339652e-04
4.21,1.33876433e-04
4.22,1.33415431e-04
4.23,1.32956637e-04
4.24,1.32500036e-04
4.25,1.32045618e-04
4.26,1.31593369e-04
4.27,1.31143277e-04
4.28,1.30695331e-04
4.29,1.30249519e-04
4.30,1.29805828e-04
4.31,1.29364247e-04
4.32,1.28924764e-04
4.33,1.28487367e-04
4.34,1.28052045e-04
4.35,1.27618786e-04
4.36,1.27187579e-04
4.37,1.26758412e-04
4.38,1.26331274e-04
4.39,1.25906153e-04
4.40,1.25483039e-04
4.41,1.25061920e-04
4.42,1.24642784e-04
4.43,1.24225622e-04
4.44,1.23810422e-04
4.45,1.23397173e-04
4.46,1.22985864e-04
4.47,1.22576485e-04
4.48,1.22169025e-04
4.49,1.21763472e-04
4.50,1.21359818e-04
4.51,1.20958050e-04
4.52,1.20558159e-04
4.53,1.20160134e-04
4.54,1.19763965e-04
4.55,1.19369641e-04
4.56,1.18977153e-04
4.57,1.18586489e-04
4.58,1.18197641e-04
4.59,1.17810598e-04
4.60,1.17425350e-04
4.61,1.17041887e-04
4.62,1.16660200e-04
4.63,1.16280277e-04
4.64,1.15902111e-04
4.65,1.15525690e-04
4.66,1.15151006e-04
4.67,1.14778049e-04
4.68,1.14406809e-04
4.69,1.14037277e-04
4.70,1.13669444e-04
4.71,1.13303299e-04
4.72,1.12938834e-04
4.73,1.12576040e-04
4.74,1.12214908e-04
4.75,1.11855427e-04
4.76,1.11497590e-04
4.77,1.11141387e-04
4.78,1.10786809e-04
4.79,1.10433848e-04
4.80,1.10082494e-04
4.81,1.09732739e-04
4.82,1.09384573e-04
4.83,1.09037989e-04
4.84,1.08692978e-04
4.85,1.08349530e-04
4.86,1.08007638e-04
4.87,1.07667293e-04
4.88,1.07328487e-04
4.89,1.06991210e-04
4.90,1.06655455e-04
4.91,1.06321214e-04
4.92,1.05988478e-04
4.93,1.05657239e-04
4.94,1.05327490e-04
4.95,1.04999221e-04
4.96,1.04672424e-04
4.97,1.04347093e-04
4.98,1.04023218e-04
4.99,1.03700793e-04
5.00,1.03379808e-04
5.01,1.03060257e-04
5.02,1.02742131e-04
5.03,1.02425424e-04
5.04,1.02110126e-04
5.05,1.01796231e-04
5.06,1.01483731e-04
5.07,1.01172618e-04
5.08,1.00862886e-04
5.09,1.00554526e-04
5.10,1.00247531e-04
5.11,9.99418935e-05
5.12,9.96376069e-05
5.13,9.93346635e-05
5.14,9.90330561e-05
5.15,9.87327776e-05
5.16,9.84338208e-05
5.17,9.81361786e-05
5.18,9.78398441e-05
5.19,9.75448101e-05
5.20,9.72510697e-05
5.21,9.69586161e-05
5.22,9.66674422e-05
5.23,9.63775414e-05
5.24,9.60889068e-05
5.25,9.58015316e-05
5.26,9.55154092e-05
5.27,9.52305328e-05
5.28,9.49468959e-05
5.29,9.46644918e-05
5.30,9.43833140e-05
5.31,9.41033560e-05
5.32,9.38246112e-05
5.33,9.35470734e-05
5.34,9.32707359e-05
5.35,9.29955926e-05
5.36,9.27216371e-05
5.37,9.24488631e-05
5.38,9.21772643e-05
5.39,9.19068346e-05
5.40,9.16375677e-05
5.41,9.13694576e-05
5.42,9.11024982e-05
5.43,9.08366833e-05
5.44,9.05720070e-05
5.45,9.03084632e-05
5.46,9.00460461e-05
5.47,8.97847497e-05
5.48,8.95245680e-05
5.49,8.92654954e-05
5.50,8.90075259e-05
5.51,8.87506538e-05
5.52,8.84948734e-05
5.53,8.82401788e-05
5.54,8.79865646e-05
5.55,8.77340249e-05
5.56,8.74825543e-05
5.57,8.72321471e-05
5.58,8.69827978e-05
5.59,8.67345009e-05
5.60,8.64872509e-05
5.61,8.62410423e-05
5.62,8.59958699e-05
5.63,8.57517281e-05
5.64,8.55086117e-05
5.65,8.52665153e-05
5.66,8.50254337e-05
5.67,8.47853615e-05
5.68,8.45462936e-05
5.69,8.43082249e-05
5.70,8.40711500e-05
5.71,8.38350640e-05
5.72,8.35999616e-05
5.73,8.33658379e-05
5.74,8.31326878e-05
5.75,8.29005064e-05
5.76,8.26692885e-05
5.77,8.24390293e-05
5.78,8.22097239e-05
5.79,8.19813673e-05
5.80,8.17539548e-05
5.81,8.15274814e-05
5.82,8.13019424e-05
5.83,8.10773330e-05
5.84,8.08536484e-05
5.85,8.06308840e-05
5.86,8.04090351e-05
5.87,8.01880969e-05
5.88,7.99680649e-05
5.89,7.97489344e-05
5.90,7.95307008e-05
5.91,7.93133597e-05
5.92,7.90969064e-05
5.93,7.88813366e-05
5.94,7.86666456e-05
5.95,7.84528291e-05
5.96,7.82398826e-05
5.97,7.80278017e-05
5.98,7.78165821e-05
5.99,7.76062195e-05
6.00,7.73967094e-05
6.01,7.71880477e-05
6.02,7.69802300e-05
6.03,7.67732521e-05
6.04,7.65671097e-05
6.05,7.63617988e-05
6.06,7.61573151e-05
6.07,7.59536544e-05
6.08,7.57508127e-05
6.09,7.55487858e-05
6.10,7.53475698e-05
6.11,7.51471604e-05
6.12,7.49475538e-05
6.13,7.47487459e-05
6.14,7.45507326e-05
6.15,7.43535102e-05
6.16,7.41570746e-05
6.17,7.39614219e-05
6.18,7.37665482e-05
6.19,7.35724498e-05
6.20,7.33791226e-05
6.21,7.31865630e-05
6.22,7.29947670e-05
6.23,7.28037310e-05
6.24,7.26134512e-05
6.25,7.24239238e-05
6.26,7.22351452e-05
6.27,7.20471116e-05
6.28,7.18598194e-05
6.29,7.16732650e-05
6.30,7.14874446e-05
6.31,7.13023548e-05
6.32,7.11179918e-05
6.33,7.09343522e-05
6.34,7.07514325e-05
6.35,7.05692290e-05
6.36,7.03877383e-05
6.37,7.02069569e-05
6.38,7.00268813e-05
6.39,6.98475082e-05
6.40,6.96688340e-05
6.41,6.94908554e-05
6.42,6.93135689e-05
6.43,6.91369714e-05
6.44,6.89610592e-05
6.45,6.87858293e-05
6.46,6.86112782e-05
6.47,6.84374026e-05
6.48,6.82641994e-05
6.49,6.80916651e-05
6.50,6.79197967e-05
6.51,6.77485909e-05
6.52,6.75780445e-05
6.53,6.74081543e-05
6.54,6.72389171e-05
6.55,6.70703299e-05
6.56,6.69023895e-05
6.57,6.67350927e-05
6.58,6.65684366e-05
6.59,6.64024180e-05
6.60,6.62370339e-05
6.61,6.60722812e-05
6.62,6.59081570e-05
6.63,6.57446582e-05
6.64,6.55817818e-05
6.65,6.54195249e-05
6.66,6.52578845e-05
6.67,6.50968577e-05
6.68,6.49364416e-05
6.69,6.47766332e-05
6.70,6.46174298e-05
6.71,6.44588283e-05
6.72,6.43008260e-05
6.73,6.41434200e-05
6.74,6.39866076e-05
6.75,6.38303858e-05
6.76,6.36747519e-05
6.77,6.35197032e-05
6.78,6.33652369e-05
6.79,6.32113502e-05
6.80,6.30580404e-05
6.81,6.29053048e-05
6.82,6.27531407e-05
6.83,6.26015454e-05
6.84,6.24505163e-05
6.85,6.23000507e-05
6.86,6.21501459e-05
6.87,6.20007994e-05
6.88,6.18520086e-05
6.89,6.17037707e-05
6.90,6.15560833e-05
6.91,6.14089439e-05
6.92,6.12623497e-05
6.93,6.11162984e-05
6.94,6.09707874e-05
6.95,6.08258142e-05
6.96,6.06813762e-05
6.97,6.05374710e-05
6.98,6.03940962e-05
6.99,6.02512493e-05
7.00,6.01089278e-05
7.01,5.99671294e-05
7.02,5.98258515e-05
7.03,5.96850919e-05
7.04,5.95448481e-05
7.05,5.94051177e-05
7.06,5.92658984e-05
7.07,5.91271879e-05
7.08,5.89889838e-05
7.09,5.88512837e-05
7.10,5.87140855e-05
7.11,5.85773867e-05
7.12,5.84411851e-05
7.13,5.83054785e-05
7.14,5.81702645e-05
7.15,5.80355409e-05
7.16,5.79013056e-05
7.17,5.77675562e-05
7.18,5.76342906e-05
7.19,5.75015065e-05
7.20,5.73692018e-05
7.21,5.72373743e-05
7.22,5.71060218e-05
7.23,5.69751423e-05
7.24,5.68447335e-05
7.25,5.67147933e-05
7.26,5.65853196e-05
7.27,5.64563104e-05
7.28,5.63277634e-05
7.29,5.61996767e-05
7.30,5.60720481e-05
7.31,5.59448757e-05
7.32,5.58181573e-05
7.33,5.56918909e-05
7.34,5.55660745e-05
7.35,5.54407061e-05
7.36,5.53157837e-05
7.37,5.51913053e-05
7.38,5.50672689e-05
7.39,5.49436725e-05
7.40,5.48205141e-05
7.41,5.46977919e-05
7.42,5.45755039e-05
7.43,5.44536481e-05
7.44,5.43322227e-05
7.45,5.42112257e-05
7.46,5.40906552e-05
7.47,5.39705093e-05
7.48,5.38507862e-05
7.49,5.37314840e-05
7.50,5.36126008e-05
7.51,5.34941348e-05
7.52,5.33760841e-05
7.53,5.32584470e-05
7.54,5.31412215e-05
7.55,5.30244060e-05
7.56,5.29079985e-05
7.57,5.27919973e-05
7.58,5.26764006e-05
7.59,5.25612067e-05
7.60,5.24464137e-05
7.61,5.23320200e-05
7.62,5.22180238e-05
7.63,5.21044233e-05
7.64,5.19912168e-05
7.65,5.18784027e-05
7.66,5.17659791e-05
7.67,5.16539445e-05
7.68,5.15422971e-05
7.69,5.14310352e-05
7.70,5.13201572e-05
7.71,5.12096613e-05
7.72,5.10995461e-05
7.73,5.09898097e-05
7.74,5.08804506e-05
7.75,5.07714671e-05
7.76,5.06628577e-05
7.77,5.05546207e-05
7.78,5.04467544e-05
7.79,5.03392574e-05
7.80,5.02321280e-05
7.81,5.01253647e-05
7.82,5.00189659e-05
7.83,4.99129299e-05
7.84,4.98072554e-05
7.85,4.97019406e-05
7.86,4.95969842e-05
7.87,4.94923845e-05
7.88,4.93881400e-05
7.89,4.92842493e-05
7.90,4.91807108e-05
7.91,4.90775230e-05
7.92,4.89746844e-05
7.93,4.88721936e-05
7.94,4.87700491e-05
7.95,4.86682494e-05
7.96,4.85667930e-05
7.97,4.84656785e-05
7.98,4.83649045e-05
7.99,4.82644695e-05
8.00,4.81643721e-05
8.01,4.80646108e-05
8.02,4.79651843e-05
8.03,4.78660912e-05
8.04,4.77673300e-05
8.05,4.76688994e-05
8.06,4.75707979e-05
8.07,4.74730242e-05
8.08,4.73755770e-05
8.09,4.72784548e-05
8.10,4.71816562e-05
8.11,4.70851801e-05
8.12,4.69890249e-05
8.13,4.68931894e-05
8.14,4.67976723e-05
8.15,4.67024721e-05
8.16,4.66075877e-05
8.17,4.65130176e-05
8.18,4.64187607e-05
8.19,4.63248155e-05
8.20,4.62311808e-05
8.21,4.61378553e-05
8.22,4.60448378e-05
8.23,4.59521269e-05
8.24,4.58597215e-05
8.25,4.57676202e-05
8.26,4.56758217e-05
8.27,4.55843250e-05
8.28,4.54931286e-05
8.29,4.54022315e-05
8.30,4.53116322e-05
8.31,4.52213298e-05
8.32,4.51313228e-05
8.33,4.50416101e-05
8.34,4.49521906e-05
8.35,4.48630630e-05
8.36,4.47742261e-05
8.37,4.46856788e-05
8.38,4.45974198e-05
8.39,4.45094480e-05
8.40,4.44217622e-05
8.41,4.43343614e-05
8.42,4.42472442e-05
8.43,4.41604096e-05
8.44,4.40738564e-05
8.45,4.39875835e-05
8.46,4.39015898e-05
8.47,4.38158741e-05
8.48,4.37304353e-05
8.49,4.36452723e-05
8.50,4.35603839e-05
8.51,4.34757692e-05
8.52,4.33914270e-05
8.53,4.33073561e-05
8.54,4.32235556e-05
8.55,4.31400243e-05
8.56,4.30567611e-05
8.57,4.29737650e-05
8.58,4.28910349e-05
8.59,4.28085698e-05
8.60,4.27263686e-05
8.61,4.26444302e-05
8.62,4.25627536e-05
8.63,4.24813378e-05
8.64,4.24001818e-05
8.65,4.23192844e-05
8.66,4.22386447e-05
8.67,4.21582616e-05
8.68,4.20781342e-05
8.69,4.19982614e-05
8.70,4.19186423e-05
8.71,4.18392758e-05
8.72,4.17601609e-05
8.73,4.16812967e-05
8.74,4.16026821e-05
8.75,4.15243162e-05
8.76,4.14461980e-05
8.77,4.13683265e-05
8.78,4.12907009e-05
8.79,4.12133200e-05
8.80,4.11361830e-05
8.81,4.10592889e-05
8.82,4.09826367e-05
8.83,4.09062255e-05
8.84,4.08300545e-05
8.85,4.07541225e-05
8.86,4.06784288e-05
8.87,4.06029724e-05
8.88,4.05277523e-05
8.89,4.04527677e-05
8.90,4.03780177e-05
8.91,4.03035013e-05
8.92,4.02292176e-05
8.93,4.01551657e-05
8.94,4.00813448e-05
8.95,4.00077540e-05
8.96,3.99343923e-05
8.97,3.98612589e-05
8.98,3.97883530e-05
8.99,3.97156735e-05
9.00,3.96432198e-05
9.01,3.95709909e-05
9.02,3.94989859e-05
9.03,3.94272040e-05
9.04,3.93556444e-05
9.05,3.92843061e-05
9.06,3.92131885e-05
9.07,3.91422905e-05
9.08,3.90716114e-05
9.09,3.90011504e-05
9.10,3.89309066e-05
9.11,3.88608793e-05
9.12,3.87910675e-05
9.13,3.87214704e-05
9.14,3.86520874e-05
9.15,3.85829174e-05
9.16,3.85139599e-05
9.17,3.84452139e-05
9.18,3.83766786e-05
9.19,3.83083533e-05
9.20,3.82402371e-05
9.21,3.81723294e-05
9.22,3.81046293e-05
9.23,3.80371360e-05
9.24,3.79698487e-05
9.25,3.79027668e-05
9.26,3.78358893e-05
9.27,3.77692156e-05
9.28,3.77027450e-05
9.29,3.76364765e-05
9.30,3.75704096e-05
9.31,3.75045434e-05
9.32,3.74388772e-05
9.33,3.73734103e-05
9.34,3.73081419e-05
9.35,3.72430713e-05
9.36,3.71781977e-05
9.37,3.71135205e-05
9.38,3.70490389e-05
9.39,3.69847522e-05
9.40,3.69206596e-05
9.41,3.68567605e-05
9.42,3.67930542e-05
9.43,3.67295399e-05
9.44,3.66662169e-05
9.45,3.66030846e-05
9.46,3.65401422e-05
9.47,3.64773891e-05
9.48,3.64148245e-05
9.49,3.63524478e-05
9.50,3.62902583e-05
9.51,3.62282553e-05
9.52,3.61664381e-05
9.53,3.61048060e-05
9.54,3.60433585e-05
9.55,3.59820948e-05
9.56,3.59210142e-05
9.57,3.58601161e-05
9.58,3.57993998e-05
9.59,3.57388647e-05
9.60,3.56785102e-05
9.61,3.56183355e-05
9.62,3.55583400e-05
9.63,3.54985231e-05
9.64,3.54388842e-05
9.65,3.53794225e-05
9.66,3.53201376e-05
9.67,3.52610286e-05
9.68,3.52020951e-05
9.69,3.51433364e-05
9.70,3.50847518e-05
9.71,3.50263408e-05
9.72,3.49681027e-05
9.73,3.49100369e-05
9.74,3.48521428e-05
9.75,3.47944198e-05
9.76,3.47368672e-05
9.77,3.46794846e-05
9.78,3.46222713e-05
9.79,3.45652266e-05
9.80,3.45083500e-05
9.81,3.44516409e-05
9.82,3.43950987e-05
9.83,3.43387229e-05
9.84,3.42825128e-05
9.85,3.42264678e-05
9.86,3.41705875e-05
9.87,3.41148711e-05
9.88,3.40593182e-05
9.89,3.40039281e-05
9.90,3.39487003e-05
9.91,3.38936343e-05
9.92,3.38387294e-05
9.93,3.37839851e-05
9.94,3.37294009e-05
9.95,3.36749761e-05
9.96,3.36207103e-05
9.97,3.35666029e-05
9.98,3.35126534e-05
9.99,3.34588611e-05
10.00,3.34052256e-05
10.01,3.33517464e-05
10.02,3.32984228e-05
10.03,3.32452543e-05
10.04,3.31922405e-05
10.05,3.31393807e-05
10.06,3.30866746e-05
10.07,3.30341214e-05
10.08,3.29817208e-05
10.09,3.29294721e-05
10.10,3.28773749e-05
10.11,3.28254287e-05
10.12,3.27736329e-05
10.13,3.27219871e-05
10.14,3.26704907e-05
10.15,3.26191432e-05
10.16,3.25679441e-05
10.17,3.25168929e-05
10.18,3.24659892e-05
10.19,3.24152323e-05
10.20,3.23646219e-05
10.21,3.23141574e-05
10.22,3.22638384e-05
10.23,3.22136643e-05
10.24,3.21636347e-05
10.25,3.21137491e-05
10.26,3.20640069e-05
10.27,3.20144078e-05
10.28,3.19649513e-05
10.29,3.19156368e-05
10.30,3.18664639e-05
10.31,3.18174321e-05
10.32,3.17685411e-05
10.33,3.17197902e-05
10.34,3.16711790e-05
10.35,3.16227071e-05
10.36,3.15743740e-05
10.37,3.15261793e-05
10.38,3.14781225e-05
10.39,3.14302031e-05
10.40,3.13824207e-05
10.41,3.13347748e-05
10.42,3.12872651e-05
10.43,3.12398910e-05
10.44,3.11926521e-05
10.45,3.11455480e-05
10.46,3.10985782e-05
10.47,3.10517423e-05
10.48,3.10050398e-05
10.49,3.09584704e-05
10.50,3.09120336e-05
10.51,3.08657289e-05
10.52,3.08195559e-05
10.53,3.07735143e-05
10.54,3.07276036e-05
10.55,3.06818233e-05
10.56,3.06361731e-05
10.57,3.05906525e-05
10.58,3.05452611e-05
10.59,3.04999985e-05
10.60,3.04548643e-05
10.61,3.04098580e-05
10.62,3.03649794e-05
10.63,3.03202278e-05
10.64,3.02756031e-05
10.65,3.02311047e-05
10.66,3.01867323e-05
10.67,3.01424854e-05
10.68,3.00983637e-05
10.69,3.00543667e-05
10.70,3.00104941e-05
10.71,2.99667455e-05
10.72,2.99231204e-05
10.73,2.98796186e-05
10.74,2.98362396e-05
10.75,2.97929830e-05
10.76,2.97498484e-05
10.77,2.97068356e-05
10.78,2.96639440e-05
10.79,2.96211733e-05
10.80,2.95785231e-05
10.81,2.95359931e-05
10.82,2.94935829e-05
10.83,2.94512921e-05
10.84,2.94091203e-05
10.85,2.93670672e-05
10.86,2.93251325e-05
10.87,2.92833157e-05
10.88,2.92416164e-05
10.89,2.92000344e-05
10.90,2.91585693e-05
10.91,2.91172206e-05
10.92,2.90759881e-05
10.93,2.90348715e-05
10.94,2.89938702e-05
10.95,2.89529841e-05
10.96,2.89122127e-05
10.97,2.88715557e-05
10.98,2.88310128e-05
10.99,2.87905835e-05
11.00,2.87502677e-05
11.01,2.87100648e-05
11.02,2.86699747e-05
11.03,2.86299969e-05
11.04,2.85901311e-05
11.05,2.85503769e-05
11.06,2.85107342e-05
11.07,2.84712024e-05
11.08,2.84317813e-05
11.09,2.83924706e-05
11.10,2.83532699e-05
11.11,2.83141789e-05
11.12,2.82751972e-05
11.13,2.82363247e-05
11.14,2.81975608e-05
11.15,2.81589054e-05
11.16,2.81203580e-05
11.17,2.80819185e-05
11.18,2.80435864e-05
11.19,2.80053614e-05
11.20,2.79672433e-05
11.21,2.79292317e-05
11.22,2.78913264e-05
11.23,2.78535269e-05
11.24,2.78158330e-05
11.25,2.77782445e-05
11.26,2.77407609e-05
11.27,2.77033820e-05
11.28,2.76661076e-05
11.29,2.76289372e-05
11.30,2.75918706e-05
11.31,2.75549075e-05
11.32,2.75180476e-05
11.33,2.74812906e-05
11.34,2.74446362e-05
11.35,2.74080842e-05
11.36,2.73716342e-05
11.37,2.73352860e-05
11.38,2.72990392e-05
11.39,2.72628936e-05
11.40,2.72268489e-05
11.41,2.71909048e-05
11.42,2.71550610e-05
11.43,2.71193173e-05
11.44,2.70836734e-05
11.45,2.70481289e-05
11.46,2.70126837e-05
11.47,2.69773374e-05
11.48,2.69420898e-05
11.49,2.69069407e-05
11.50,2.68718896e-05
11.51,2.68369364e-05
11.52,2.68020808e-05
11.53,2.67673225e-05
11.54,2.67326613e-05
11.55,2.66980969e-05
11.56,2.66636290e-05
11.57,2.66292574e-05
11.58,2.65949819e-05
11.59,2.65608021e-05
11.60,2.65267177e-05
11.61,2.64927287e-05
11.62,2.64588346e-05
11.63,2.64250353e-05
11.64,2.63913304e-05
11.65,2.63577198e-05
11.66,2.63242032e-05
11.67,2.62907803e-05
11.68,2.62574509e-05
11.69,2.62242147e-05
11.70,2.61910716e-05
11.71,2.61580212e-05
11.72,2.61250633e-05
11.73,2.60921977e-05
11.74,2.60594241e-05
11.75,2.60267423e-05
11.76,2.59941521e-05
11.77,2.59616532e-05
11.78,2.59292454e-05
11.79,2.58969284e-05
11.80,2.58647021e-05
11.81,2.58325662e-05
11.82,2.58005204e-05
11.83,2.57685645e-05
11.84,2.57366984e-05
11.85,2.57049217e-05
11.86,2.56732343e-05
11.87,2.56416360e-05
11.88,2.56101264e-05
11.89,2.55787054e-05
11.90,2.55473728e-05
11.91,2.55161284e-05
11.92,2.54849719e-05
11.93,2.54539030e-05
11.94,2.54229217e-05
11.95,2.53920277e-05
11.96,2.53612208e-05
11.97,2.53305007e-05
11.98,2.52998672e-05
11.99,2.52693202e-05
12.00,2.52388594e-05
12.01,2.52084847e-05
12.02,2.51781958e-05
12.03,2.51479924e-05
12.04,2.51178745e-05
12.05,2.50878418e-05
12.06,2.50578941e-05
12.07,2.50280313e-05
12.08,2.49982530e-05
12.09,2.49685591e-05
12.10,2.49389494e-05
12.11,2.49094238e-05
12.12,2.48799820e-05
12.13,2.48506238e-05
12.14,2.48213490e-05
12.15,2.47921575e-05
12.16,2.47630490e-05
12.17,2.47340234e-05
12.18,2.47050805e-05
12.19,2.46762201e-05
12.20,2.46474420e-05
12.21,2.46187460e-05
12.22,2.45901319e-05
12.23,2.45615996e-05
12.24,2.45331489e-05
12.25,2.45047796e-05
12.26,2.44764915e-05
12.27,2.44482844e-05
12.28,2.44201582e-05
12.29,2.43921127e-05
12.30,2.43641477e-05
12.31,2.43362631e-05
12.32,2.43084586e-05
12.33,2.42807341e-05
12.34,2.42530894e-05
12.35,2.42255244e-05
12.36,2.41980389e-05
12.37,2.41706327e-05
12.38,2.41433057e-05
12.39,2.41160577e-05
12.40,2.40888885e-05
12.41,2.40617980e-05
12.42,2.40347860e-05
12.43,2.40078524e-05
12.44,2.39809969e-05
12.45,2.39542195e-05
12.46,2.39275199e-05
12.47,2.39008981e-05
12.48,2.38743539e-05
12.49,2.38478871e-05
12.50,2.38214975e-05
12.51,2.37951851e-05
12.52,2.37689496e-05
12.53,2.37427909e-05
12.54,2.37167090e-05
12.55,2.36907035e-05
12.56,2.36647744e-05
12.57,2.36389215e-05
12.58,2.36131448e-05
12.59,2.35874440e-05
12.60,2.35618190e-05
12.61,2.35362696e-05
12.62,2.35107958e-05
12.63,2.34853974e-05
12.64,2.34600743e-05
12.65,2.34348263e-05
12.66,2.34096532e-05
12.67,2.33845550e-05
12.68,2.33595316e-05
12.69,2.33345827e-05
12.70,2.33097083e-05
12.71,2.32849082e-05
12.72,2.32601824e-05
12.73,2.32355306e-05
12.74,2.32109528e-05
12.75,2.31864488e-05
12.76,2.31620185e-05
12.77,2.31376618e-05
12.78,2.31133786e-05
12.79,2.30891687e-05
12.80,2.30650321e-05
12.81,2.30409685e-05
12.82,2.30169780e-05
12.83,2.29930604e-05
12.84,2.29692155e-05
12.85,2.29454433e-05
12.86,2.29217436e-05
12.87,2.28981163e-05
12.88,2.28745614e-05
12.89,2.28510787e-05
12.90,2.28276682e-05
12.91,2.28043296e-05
12.92,2.27810629e-05
12.93,2.27578681e-05
12.94,2.27347449e-05
12.95,2.27116933e-05
12.96,2.26887133e-05
12.97,2.26658046e-05
12.98,2.26429672e-05
12.99,2.26202010e-05
13.00,2.25975060e-05
13.01,2.25748820e-05
13.02,2.25523289e-05
13.03,2.25298466e-05
13.04,2.25074350e-05
13.05,2.24850942e-05
13.06,2.24628239e-05
13.07,2.24406240e-05
13.08,2.24184946e-05
13.09,2.23964355e-05
13.10,2.23744466e-05
13.11,2.23525279e-05
13.12,2.23306792e-05
13.13,2.23089005e-05
13.14,2.22871918e-05
13.15,2.22655529e-05
13.16,2.22439837e-05
13.17,2.22224842e-05
13.18,2.22010543e-05
13.19,2.21796940e-05
13.20,2.21584032e-05
13.21,2.21371817e-05
13.22,2.21160296e-05
13.23,2.20949468e-05
13.24,2.20739331e-05
13.25,2.20529886e-05
13.26,2.20321132e-05
13.27,2.20113068e-05
13.28,2.19905694e-05
13.29,2.19699009e-05
13.30,2.19493012e-05
13.31,2.19287703e-05
13.32,2.19083081e-05
13.33,2.18879146e-05
13.34,2.18675898e-05
13.35,2.18473335e-05
13.36,2.18271458e-05
13.37,2.18070265e-05
13.38,2.17869757e-05
13.39,2.17669933e-05
13.40,2.17470792e-05
13.41,2.17272334e-05
13.42,2.17074559e-05
13.43,2.16877467e-05
13.44,2.16681056e-05
13.45,2.16485327e-05
13.46,2.16290279e-05
13.47,2.16095912e-05
13.48,2.15902225e-05
13.49,2.15709219e-05
13.50,2.15516893e-05
13.51,2.15325246e-05
13.52,2.15134279e-05
13.53,2.14943991e-05
13.54,2.14754382e-05
13.55,2.14565452e-05
13.56,2.14377201e-05
13.57,2.14189627e-05
13.58,2.14002733e-05
13.59,2.13816516e-05
13.60,2.13630977e-05
13.61,2.13446116e-05
13.62,2.13261933e-05
13.63,2.13078427e-05
13.64,2.12895599e-05
13.65,2.12713449e-05
13.66,2.12531976e-05
13.67,2.12351181e-05
13.68,2.12171063e-05
13.69,2.11991623e-05
13.70,2.11812860e-05
13.71,2.11634775e-05
13.72,2.11457367e-05
13.73,2.11280637e-05
13.74,2.11104586e-05
13.75,2.10929212e-05
13.76,2.10754516e-05
13.77,2.10580499e-05
13.78,2.10407160e-05
13.79,2.10234499e-05
13.80,2.10062518e-05
13.81,2.09891215e-05
13.82,2.09720592e-05
13.83,2.09550649e-05
13.84,2.09381385e-05
13.85,2.09212802e-05
13.86,2.09044899e-05
13.87,2.08877678e-05
13.88,2.08711137e-05
13.89,2.08545278e-05
13.90,2.08380101e-05
13.91,2.08215607e-05
13.92,2.08051795e-05
13.93,2.07888667e-05
13.94,2.07726223e-05
13.95,2.07564463e-05
13.96,2.07403388e-05
13.97,2.07242998e-05
13.98,2.07083295e-05
13.99,2.06924278e-05
14.00,2.06765948e-05
14.01,2.06608307e-05
14.02,2.06451353e-05
14.03,2.06295089e-05
14.04,2.06139515e-05
14.05,2.05984632e-05
14.06,2.05830440e-05
14.07,2.05676940e-05
14.08,2.05524134e-05
14.09,2.05372021e-05
14.10,2.05220602e-05
14.11,2.05069880e-05
14.12,2.04919853e-05
14.13,2.04770524e-05
14.14,2.04621894e-05
14.15,2.04473962e-05
14.16,2.04326731e-05
14.17,2.04180201e-05
14.18,2.04034374e-05
14.19,2.03889250e-05
14.20,2.03744830e-05
14.21,2.03601116e-05
14.22,2.03458109e-05
14.23,2.03315810e-05
14.24,2.03174220e-05
14.25,2.03033341e-05
14.26,2.02893173e-05
14.27,2.02753719e-05
14.28,2.02614978e-05
14.29,2.02476953e-05
14.30,2.02339646e-05
14.31,2.02203057e-05
14.32,2.02067188e-05
14.33,2.01932040e-05
14.34,2.01797615e-05
14.35,2.01663915e-05
14.36,2.01530941e-05
14.37,2.01398694e-05
14.38,2.01267177e-05
14.39,2.01136390e-05
14.40,2.01006336e-05
14.41,2.00877017e-05
14.42,2.00748434e-05
14.43,2.00620588e-05
14.44,2.00493483e-05
14.45,2.00367119e-05
14.46,2.00241499e-05
14.47,2.00116624e-05
14.48,1.99992497e-05
14.49,1.99869119e-05
14.50,1.99746493e-05
14.51,1.99624621e-05
14.52,1.99503504e-05
14.53,1.99383145e-05
14.54,1.99263547e-05
14.55,1.99144711e-05
14.56,1.99026640e-05
14.57,1.98909335e-05
14.58,1.98792801e-05
14.59,1.98677038e-05
14.60,1.98562049e-05
14.61,1.98447837e-05
14.62,1.98334404e-05
14.63,1.98221754e-05
14.64,1.98109888e-05
14.65,1.97998809e-05
14.66,1.97888520e-05
14.67,1.97779024e-05
14.68,1.97670323e-05
14.69,1.97562421e-05
14.70,1.97455320e-05
14.71,1.97349023e-05
14.72,1.97243534e-05
14.73,1.97138854e-05
14.74,1.97034989e-05
14.75,1.96931939e-05
14.76,1.96829710e-05
14.77,1.96728304e-05
14.78,1.96627724e-05
14.79,1.96527973e-05
14.80,1.96429056e-05
14.81,1.96330976e-05
14.82,1.96233735e-05
14.83,1.96137339e-05
14.84,1.96041790e-05
14.85,1.95947092e-05
14.86,1.95853248e-05
14.87,1.95760264e-05
14.88,1.95668142e-05
14.89,1.95576887e-05
14.90,1.95486502e-05
14.91,1.95396992e-05
14.92,1.95308360e-05
14.93,1.95220612e-05
14.94,1.95133751e-05
14.95,1.95047781e-05
14.96,1.94962707e-05
14.97,1.94878534e-05
14.98,1.94795266e-05
14.99,1.94712908e-05
15.00,1.94631463e-05
15.01,1.94550938e-05
15.02,1.94471337e-05
15.03,1.94392665e-05
15.04,1.94314926e-05
15.05,1.94238126e-05
15.06,1.94162271e-05
15.07,1.94087364e-05
15.08,1.94013413e-05
15.09,1.93940421e-05
15.10,1.93868394e-05
15.11,1.93797339e-05
15.12,1.93727260e-05
15.13,1.93658163e-05
15.14,1.93590055e-05
15.15,1.93522940e-05
15.16,1.93456826e-05
15.17,1.93391717e-05
15.18,1.93327622e-05
15.19,1.93264544e-05
15.20,1.93202492e-05
15.21,1.93141471e-05
15.22,1.93081488e-05
15.23,1.93022550e-05
15.24,1.92964663e-05
15.25,1.92907834e-05
15.26,1.92852071e-05
15.27,1.92797381e-05
15.28,1.92743770e-05
15.29,1.92691245e-05
15.30,1.92639816e-05
15.31,1.92589488e-05
15.32,1.92540270e-05
15.33,1.92492169e-05
15.34,1.92445193e-05
15.35,1.92399350e-05
15.36,1.92354649e-05
15.37,1.92311098e-05
15.38,1.92268705e-05
15.39,1.92227478e-05
15.40,1.92187426e-05
15.41,1.92148559e-05
15.42,1.92110884e-05
15.43,1.92074412e-05
15.44,1.92039151e-05
15.45,1.92005110e-05
15.46,1.91972299e-05
15.47,1.91940728e-05
15.48,1.91910407e-05
15.49,1.91881345e-05
15.50,1.91853553e-05
15.51,1.91827040e-05
15.52,1.91801818e-05
15.53,1.91777896e-05
15.54,1.91755287e-05
15.55,1.91733999e-05
15.56,1.91714045e-05
15.57,1.91695436e-05
15.58,1.91678183e-05
15.59,1.91662298e-05
15.60,1.91647793e-05
15.61,1.91634679e-05
15.62,1.91622970e-05
15.63,1.91612676e-05
15.64,1.91603811e-05
15.65,1.91596388e-05
15.66,1.91590419e-05
15.67,1.91585918e-05
15.68,1.91582898e-05
15.69,1.91581373e-05
15.70,1.91581356e-05
15.71,1.91582861e-05
15.72,1.91585904e-05
15.73,1.91590497e-05
15.74,1.91596657e-05
15.75,1.91604397e-05
15.76,1.91613733e-05
15.77,1.91624681e-05
15.78,1.91637256e-05
15.79,1.91651474e-05
15.80,1.91667352e-05
15.81,1.91684905e-05
15.82,1.91704151e-05
15.83,1.91725106e-05
15.84,1.91747788e-05
15.85,1.91772215e-05
15.86,1.91798403e-05
15.87,1.91826372e-05
15.88,1.91856139e-05
15.89,1.91887724e-05
15.90,1.91921146e-05
15.91,1.91956423e-05
15.92,1.91993576e-05
15.93,1.92032624e-05
15.94,1.92073588e-05
15.95,1.92116489e-05
15.96,1.92161347e-05
15.97,1.92208184e-05
15.98,1.92257021e-05
15.99,1.92307881e-05
16.00,1.92360786e-05
16.01,1.92415759e-05
16.02,1.92472822e-05
16.03,1.92532000e-05
16.04,1.92593317e-05
16.05,1.92656797e-05
16.06,1.92722464e-05
16.07,1.92790344e-05
16.08,1.92860463e-05
16.09,1.92932846e-05
16.10,1.93007520e-05
16.11,1.93084512e-05
16.12,1.93163850e-05
16.13,1.93245561e-05
16.14,1.93329673e-05
16.15,1.93416216e-05
16.16,1.93505219e-05
16.17,1.93596711e-05
16.18,1.93690723e-05
16.19,1.93787286e-05
16.20,1.93886431e-05
16.21,1.93988190e-05
16.22,1.94092596e-05
16.23,1.94199681e-05
16.24,1.94309479e-05
16.25,1.94422025e-05
16.26,1.94537352e-05
16.27,1.94655497e-05
16.28,1.94776496e-05
16.29,1.94900385e-05
16.30,1.95027201e-05
16.31,1.95156983e-05
16.32,1.95289768e-05
16.33,1.95425596e-05
16.34,1.95564508e-05
16.35,1.95706543e-05
16.36,1.95851743e-05
16.37,1.96000151e-05
16.38,1.96151808e-05
16.39,1.96306759e-05
16.40,1.96465047e-05
16.41,1.96626719e-05
16.42,1.96791820e-05
16.43,1.96960396e-05
16.44,1.97132495e-05
16.45,1.97308166e-05
16.46,1.97487458e-05
16.47,1.97670421e-05
16.48,1.97857106e-05
16.49,1.98047565e-05
16.50,1.98241851e-05
16.51,1.98440017e-05
16.52,1.98642120e-05
16.53,1.98848213e-05
16.54,1.99058354e-05
16.55,1.99272601e-05
16.56,1.99491013e-05
16.57,1.99713648e-05
16.58,1.99940570e-05
16.59,2.00171838e-05
16.60,2.00407517e-05
16.61,2.00647670e-05
16.62,2.00892364e-05
16.63,2.01141664e-05
16.64,2.01395638e-05
16.65,2.01654356e-05
16.66,2.01917888e-05
16.67,2.02186304e-05
16.68,2.02459678e-05
16.69,2.02738084e-05
16.70,2.03021597e-05
16.71,2.03310294e-05
16.72,2.03604252e-05
16.73,2.03903553e-05
16.74,2.04208275e-05
16.75,2.04518502e-05
16.76,2.04834317e-05
16.77,2.05155806e-05
16.78,2.05483055e-05
16.79,2.05816154e-05
16.80,2.06155190e-05
16.81,2.06500257e-05
16.82,2.06851447e-05
16.83,2.07208854e-05
16.84,2.07572576e-05
16.85,2.07942710e-05
16.86,2.08319356e-05
16.87,2.08702615e-05
16.88,2.09092591e-05
16.89,2.09489388e-05
16.90,2.09893114e-05
16.91,2.10303877e-05
16.92,2.10721787e-05
16.93,2.11146957e-05
16.94,2.11579502e-05
16.95,2.12019536e-05
16.96,2.12467179e-05
16.97,2.12922551e-05
16.98,2.13385773e-05
16.99,2.13856969e-05
17.00,2.14336266e-05
17.01,2.14823792e-05
17.02,2.15319677e-05
17.03,2.15824053e-05
17.04,2.16337055e-05
17.05,2.16858818e-05
17.06,2.17389482e-05
17.07,2.17929187e-05
17.08,2.18478076e-05
17.09,2.19036294e-05
17.10,2.19603988e-05
17.11,2.20181308e-05
17.12,2.20768403e-05
17.13,2.21365429e-05
17.14,2.21972541e-05
17.15,2.22589896e-05
17.16,2.23217655e-05
17.17,2.23855980e-05
17.18,2.24505035e-05
17.19,2.25164985e-05
17.20,2.25836000e-05
17.21,2.26518250e-05
17.22,2.27211906e-05
17.23,2.27917144e-05
17.24,2.28634139e-05
17.25,2.29363069e-05
17.26,2.30104114e-05
17.27,2.30857456e-05
17.28,2.31623279e-05
17.29,2.32401765e-05
17.30,2.33193103e-05
17.31,2.33997480e-05
17.32,2.34815085e-05
17.33,2.35646109e-05
17.34,2.36490742e-05
17.35,2.37349177e-05
17.36,2.38221607e-05
17.37,2.39108227e-05
17.38,2.40009231e-05
17.39,2.40924814e-05
17.40,2.41855170e-05
17.41,2.42800496e-05
17.42,2.43760984e-05
17.43,2.44736831e-05
17.44,2.45728229e-05
17.45,2.46735371e-05
17.46,2.47758448e-05
17.47,2.48797651e-05
17.48,2.49853168e-05
17.49,2.50925183e-05
17.50,2.52013882e-05
17.51,2.53119443e-05
17.52,2.54242044e-05
17.53,2.55381859e-05
17.54,2.56539056e-05
17.55,2.57713800e-05
17.56,2.58906251e-05
17.57,2.60116561e-05
17.58,2.61344880e-05
17.59,2.62591346e-05
17.60,2.63856093e-05
17.61,2.65139247e-05
17.62,2.66440924e-05
17.63,2.67761230e-05
17.64,2.69100261e-05
17.65,2.70458105e-05
17.66,2.71834833e-05
17.67,2.73230508e-05
17.68,2.74645176e-05
17.69,2.76078870e-05
17.70,2.77531608e-05
17.71,2.79003390e-05
17.72,2.80494200e-05
17.73,2.82004001e-05
17.74,2.83532739e-05
17.75,2.85080337e-05
17.76,2.86646696e-05
17.77,2.88231693e-05
17.78,2.89835182e-05
17.79,2.91456988e-05
17.80,2.93096911e-05
17.81,2.94754721e-05
17.82,2.96430156e-05
17.83,2.98122923e-05
17.84,2.99832696e-05
17.85,3.01559112e-05
17.86,3.03301773e-05
17.87,3.05060242e-05
17.88,3.06834039e-05
17.89,3.08622646e-05
17.90,3.10425499e-05
17.91,3.12241988e-05
17.92,3.14071457e-05
17.93,3.15913200e-05
17.94,3.17766460e-05
17.95,3.19630427e-05
17.96,3.21504238e-05
17.97,3.23386971e-05
17.98,3.25277648e-05
17.99,3.27175229e-05
18.00,3.29078614e-05
18.01,3.30986639e-05
18.02,3.32898074e-05
18.03,3.34811623e-05
18.04,3.36725922e-05
18.05,3.38639536e-05
18.06,3.40550958e-05
18.07,3.42458612e-05
18.08,3.44360845e-05
18.09,3.46255928e-05
18.10,3.48142060e-05
18.11,3.50017359e-05
18.12,3.51879867e-05
18.13,3.53727547e-05
18.14,3.55558284e-05
18.15,3.57369883e-05
18.16,3.59160070e-05
18.17,3.60926490e-05
18.18,3.62666710e-05
18.19,3.64378218e-05
18.20,3.66058424e-05
18.21,3.67704659e-05
18.22,3.69314178e-05
18.23,3.70884162e-05
18.24,3.72411714e-05
18.25,3.73893869e-05
18.26,3.75327589e-05
18.27,3.76709766e-05
18.28,3.78037228e-05
18.29,3.79306739e-05
18.30,3.80515000e-05
18.31,3.81658653e-05
18.32,3.82734288e-05
18.33,3.83738439e-05
18.34,3.84667595e-05
18.35,3.85518195e-05
18.36,3.86286642e-05
18.37,3.86969296e-05
18.38,3.87562483e-05
18.39,3.88062491e-05
18.40,3.88465572e-05
18.41,3.88767971e-05
18.42,3.88966060e-05
18.43,3.89056267e-05
18.44,3.89034458e-05
18.45,3.88900668e-05
18.46,3.88659039e-05
18.47,3.88313139e-05
18.48,3.87866601e-05
18.49,3.87323181e-05
18.50,3.86686628e-05
18.51,3.85960656e-05
18.52,3.85148941e-05
18.53,3.84255121e-05
18.54,3.83282798e-05
18.55,3.82235530e-05
18.56,3.81116833e-05
18.57,3.79930170e-05
18.58,3.78678956e-05
18.59,3.77366548e-05
18.60,3.75996245e-05
18.61,3.74571285e-05
18.62,3.73094842e-05
18.63,3.71570022e-05
18.64,3.69999866e-05
18.65,3.68387339e-05
18.66,3.66735339e-05
18.67,3.65046686e-05
18.68,3.63324125e-05
18.69,3.61570326e-05
18.70,3.59787880e-05
18.71,3.57979300e-05
18.72,3.56147020e-05
18.73,3.54293395e-05
18.74,3.52420699e-05
18.75,3.50531128e-05
18.76,3.48626800e-05
18.77,3.46709750e-05
18.78,3.44781939e-05
18.79,3.42845248e-05
18.80,3.40901480e-05
18.81,3.38952364e-05
18.82,3.36999552e-05
18.83,3.35044625e-05
18.84,3.33089089e-05
18.85,3.31134379e-05
18.86,3.29181860e-05
18.87,3.27232830e-05
18.88,3.25288518e-05
18.89,3.23350091e-05
18.90,3.21418649e-05
18.91,3.19495233e-05
18.92,3.17580822e-05
18.93,3.15676339e-05
18.94,3.13782649e-05
18.95,3.11900562e-05
18.96,3.10030836e-05
18.97,3.08174179e-05
18.98,3.06331247e-05
18.99,3.04502652e-05
19.00,3.02688958e-05
19.01,3.00890687e-05
19.02,2.99108317e-05
19.03,2.97342288e-05
19.04,2.95592999e-05
19.05,2.93860814e-05
19.06,2.92146061e-05
19.07,2.90449034e-05
19.08,2.88769995e-05
19.09,2.87109177e-05
19.10,2.85466782e-05
19.11,2.83842984e-05
19.12,2.82237933e-05
19.13,2.80651752e-05
19.14,2.79084541e-05
19.15,2.77536380e-05
19.16,2.76007324e-05
19.17,2.74497410e-05
19.18,2.73006659e-05
19.19,2.71535069e-05
19.20,2.70082625e-05
19.21,2.68649297e-05
19.22,2.67235038e-05
19.23,2.65839789e-05
19.24,2.64463479e-05
19.25,2.63106022e-05
19.26,2.61767325e-05
19.27,2.60447282e-05
19.28,2.59145779e-05
19.29,2.57862692e-05
19.30,2.56597891e-05
19.31,2.55351235e-05
19.32,2.54122580e-05
19.33,2.52911773e-05
19.34,2.51718657e-05
19.35,2.50543070e-05
19.36,2.49384844e-05
19.37,2.48243807e-05
19.38,2.47119785e-05
19.39,2.46012598e-05
19.40,2.44922066e-05
19.41,2.43848004e-05
19.42,2.42790226e-05
19.43,2.41748545e-05
19.44,2.40722771e-05
19.45,2.39712712e-05
19.46,2.38718178e-05
19.47,2.37738977e-05
19.48,2.36774914e-05
19.49,2.35825798e-05
19.50,2.34891435e-05
19.51,2.33971633e-05
19.52,2.33066199e-05
19.53,2.32174940e-05
19.54,2.31297667e-05
19.55,2.30434188e-05
19.56,2.29584314e-05
19.57,2.28747858e-05
19.58,2.27924631e-05
19.59,2.27114448e-05
19.60,2.26317126e-05
19.61,2.25532481e-05
19.62,2.24760332e-05
19.63,2.24000500e-05
19.64,2.23252807e-05
19.65,2.22517077e-05
19.66,2.21793138e-05
19.67,2.21080815e-05
19.68,2.20379940e-05
19.69,2.19690344e-05
19.70,2.19011861e-05
19.71,2.18344328e-05
19.72,2.17687581e-05
19.73,2.17041463e-05
19.74,2.16405814e-05
19.75,2.15780480e-05
19.76,2.15165307e-05
19.77,2.14560144e-05
19.78,2.13964842e-05
19.79,2.13379254e-05
19.80,2.12803235e-05
19.81,2.12236643e-05
19.82,2.11679337e-05
19.83,2.11131180e-05
19.84,2.10592034e-05
19.85,2.10061767e-05
19.86,2.09540245e-05
19.87,2.09027340e-05
19.88,2.08522924e-05
19.89,2.08026871e-05
19.90,2.07539058e-05
19.91,2.07059363e-05
19.92,2.06587666e-05
19.93,2.06123850e-05
19.94,2.05667800e-05
19.95,2.05219402e-05
19.96,2.04778545e-05
19.97,2.04345118e-05
19.98,2.03919014e-05
19.99,2.03500127e-05
20.00,2.03088353e-05
20.01,2.02683590e-05
20.02,2.02285736e-05
20.03,2.01894694e-05
20.04,2.01510366e-05
20.05,2.01132658e-05
20.06,2.00761475e-05
20.07,2.00396725e-05
20.08,2.00038319e-05
20.09,1.99686168e-05
20.10,1.99340185e-05
20.11,1.99000284e-05
20.12,1.98666382e-05
20.13,1.98338397e-05
20.14,1.98016246e-05
20.15,1.97699852e-05
20.16,1.97389136e-05
20.17,1.97084022e-05
20.18,1.96784434e-05
20.19,1.96490300e-05
20.20,1.96201546e-05
20.21,1.95918102e-05
20.22,1.95639899e-05
20.23,1.95366867e-05
20.24,1.95098940e-05
20.25,1.94836052e-05
20.26,1.94578139e-05
20.27,1.94325137e-05
20.28,1.94076984e-05
20.29,1.93833619e-05
20.30,1.93594983e-05
20.31,1.93361016e-05
20.32,1.93131661e-05
20.33,1.92906862e-05
20.34,1.92686562e-05
20.35,1.92470709e-05
20.36,1.92259248e-05
20.37,1.92052127e-05
20.38,1.91849296e-05
20.39,1.91650703e-05
20.40,1.91456299e-05
20.41,1.91266036e-05
20.42,1.91079867e-05
20.43,1.90897745e-05
20.44,1.90719625e-05
20.45,1.90545461e-05
20.46,1.90375209e-05
20.47,1.90208828e-05
20.48,1.90046274e-05
20.49,1.89887507e-05
20.50,1.89732485e-05
20.51,1.89581170e-05
20.52,1.89433521e-05
20.53,1.89289502e-05
20.54,1.89149074e-05
20.55,1.89012201e-05
20.56,1.88878847e-05
20.57,1.88748976e-05
20.58,1.88622555e-05
20.59,1.88499550e-05
20.60,1.88379926e-05
20.61,1.88263653e-05
20.62,1.88150697e-05
20.63,1.88041028e-05
20.64,1.87934615e-05
20.65,1.87831429e-05
20.66,1.87731440e-05
20.67,1.87634620e-05
20.68,1.87540940e-05
20.69,1.87450372e-05
20.70,1.87362891e-05
20.71,1.87278469e-05
20.72,1.87197081e-05
20.73,1.87118702e-05
20.74,1.87043306e-05
20.75,1.86970870e-05
20.76,1.86901370e-05
20.77,1.86834783e-05
20.78,1.86771086e-05
20.79,1.86710257e-05
20.80,1.86652274e-05
20.81,1.86597117e-05
20.82,1.86544764e-05
20.83,1.86495195e-05
20.84,1.86448391e-05
20.85,1.86404332e-05
20.86,1.86362999e-05
20.87,1.86324373e-05
20.88,1.86288438e-05
20.89,1.86255174e-05
20.90,1.86224566e-05
20.91,1.86196595e-05
20.92,1.86171247e-05
20.93,1.86148504e-05
20.94,1.86128351e-05
20.95,1.86110773e-05
20.96,1.86095756e-05
20.97,1.86083284e-05
20.98,1.86073345e-05
20.99,1.86065923e-05
21.00,1.86061005e-05
21.01,1.86058580e-05
21.02,1.86058634e-05
21.03,1.86061154e-05
21.04,1.86066129e-05
21.05,1.86073548e-05
21.06,1.86083398e-05
21.07,1.86095669e-05
21.08,1.86110351e-05
21.09,1.86127433e-05
21.10,1.86146905e-05
21.11,1.86168757e-05
21.12,1.86192980e-05
21.13,1.86219566e-05
21.14,1.86248504e-05
21.15,1.86279787e-05
21.16,1.86313407e-05
21.17,1.86349355e-05
21.18,1.86387624e-05
21.19,1.86428207e-05
21.20,1.86471097e-05
21.21,1.86516286e-05
21.22,1.86563769e-05
21.23,1.86613539e-05
21.24,1.86665590e-05
21.25,1.86719916e-05
21.26,1.86776513e-05
21.27,1.86835374e-05
21.28,1.86896495e-05
21.29,1.86959872e-05
21.30,1.87025499e-05
21.31,1.87093373e-05
21.32,1.87163490e-05
21.33,1.87235846e-05
21.34,1.87310438e-05
21.35,1.87387261e-05
21.36,1.87466315e-05
21.37,1.87547595e-05
21.38,1.87631099e-05
21.39,1.87716826e-05
21.40,1.87804772e-05
21.41,1.87894936e-05
21.42,1.87987318e-05
21.43,1.88081914e-05
21.44,1.88178724e-05
21.45,1.88277748e-05
21.46,1.88378984e-05
21.47,1.88482432e-05
21.48,1.88588092e-05
21.49,1.88695964e-05
21.50,1.88806048e-05
21.51,1.88918344e-05
21.52,1.89032853e-05
21.53,1.89149575e-05
21.54,1.89268513e-05
21.55,1.89389667e-05
21.56,1.89513038e-05
21.57,1.89638628e-05
21.58,1.89766439e-05
21.59,1.89896473e-05
21.60,1.90028732e-05
21.61,1.90163219e-05
21.62,1.90299937e-05
21.63,1.90438888e-05
21.64,1.90580075e-05
21.65,1.90723502e-05
21.66,1.90869172e-05
21.67,1.91017089e-05
21.68,1.91167257e-05
21.69,1.91319679e-05
21.70,1.91474360e-05
21.71,1.91631305e-05
21.72,1.91790517e-05
21.73,1.91952003e-05
21.74,1.92115767e-05
21.75,1.92281814e-05
21.76,1.92450150e-05
21.77,1.92620780e-05
21.78,1.92793710e-05
21.79,1.92968947e-05
21.80,1.93146496e-05
21.81,1.93326364e-05
21.82,1.93508558e-05
21.83,1.93693084e-05
21.84,1.93879949e-05
21.85,1.94069161e-05
21.86,1.94260727e-05
21.87,1.94454655e-05
21.88,1.94650952e-05
21.89,1.94849626e-05
21.90,1.95050686e-05
21.91,1.95254140e-05
21.92,1.95459997e-05
21.93,1.95668265e-05
21.94,1.95878953e-05
21.95,1.96092072e-05
21.96,1.96307629e-05
21.97,1.96525634e-05
21.98,1.96746098e-05
21.99,1.96969031e-05
22.00,1.97194442e-05
22.01,1.97422342e-05
22.02,1.97652741e-05
22.03,1.97885651e-05
22.04,1.98121082e-05
22.05,1.98359046e-05
22.06,1.98599555e-05
22.07,1.98842619e-05
22.08,1.99088250e-05
22.09,1.99336461e-05
22.10,1.99587264e-05
22.11,1.99840672e-05
22.12,2.00096697e-05
22.13,2.00355351e-05
22.14,2.00616649e-05
22.15,2.00880604e-05
22.16,2.01147228e-05
22.17,2.01416537e-05
22.18,2.01688543e-05
22.19,2.01963262e-05
22.20,2.02240707e-05
22.21,2.02520893e-05
22.22,2.02803836e-05
22.23,2.03089550e-05
22.24,2.03378051e-05
22.25,2.03669354e-05
22.26,2.03963476e-05
22.27,2.04260431e-05
22.28,2.04560237e-05
22.29,2.04862910e-05
22.30,2.05168467e-05
22.31,2.05476925e-05
22.32,2.05788302e-05
22.33,2.06102613e-05
22.34,2.06419879e-05
22.35,2.06740115e-05
22.36,2.07063342e-05
22.37,2.07389577e-05
22.38,2.07718839e-05
22.39,2.08051147e-05
22.40,2.08386520e-05
22.41,2.08724978e-05
22.42,2.09066541e-05
22.43,2.09411229e-05
22.44,2.09759062e-05
22.45,2.10110061e-05
22.46,2.10464246e-05
22.47,2.10821640e-05
22.48,2.11182263e-05
22.49,2.11546137e-05
22.50,2.11913284e-05
22.51,2.12283726e-05
22.52,2.12657487e-05
22.53,2.13034589e-05
22.54,2.13415054e-05
22.55,2.13798908e-05
22.56,2.14186172e-05
22.57,2.14576873e-05
22.58,2.14971033e-05
22.59,2.15368678e-05
22.60,2.15769832e-05
22.61,2.16174521e-05
22.62,2.16582772e-05
22.63,2.16994608e-05
22.64,2.17410058e-05
22.65,2.17829147e-05
22.66,2.18251903e-05
22.67,2.18678353e-05
22.68,2.19108524e-05
22.69,2.19542445e-05
22.70,2.19980143e-05
22.71,2.20421648e-05
22.72,2.20866989e-05
22.73,2.21316195e-05
22.74,2.21769295e-05
22.75,2.22226320e-05
22.76,2.22687301e-05
22.77,2.23152268e-05
22.78,2.23621253e-05
22.79,2.24094286e-05
22.80,2.24571401e-05
22.81,2.25052630e-05
22.82,2.25538005e-05
22.83,2.26027560e-05
22.84,2.26521328e-05
22.85,2.27019343e-05
22.86,2.27521641e-05
22.87,2.28028254e-05
22.88,2.28539220e-05
22.89,2.29054574e-05
22.90,2.29574351e-05
22.91,2.30098588e-05
22.92,2.30627324e-05
22.93,2.31160594e-05
22.94,2.31698437e-05
22.95,2.32240891e-05
22.96,2.32787995e-05
22.97,2.33339789e-05
22.98,2.33896312e-05
22.99,2.34457605e-05
23.00,2.35023708e-05
23.01,2.35594663e-05
23.02,2.36170511e-05
23.03,2.36751295e-05
23.04,2.37337058e-05
23.05,2.37927843e-05
23.06,2.38523693e-05
23.07,2.39124653e-05
23.08,2.39730768e-05
23.09,2.40342084e-05
23.10,2.40958646e-05
23.11,2.41580502e-05
23.12,2.42207697e-05
23.13,2.42840280e-05
23.14,2.43478300e-05
23.15,2.44121804e-05
23.16,2.44770843e-05
23.17,2.45425467e-05
23.18,2.46085725e-05
23.19,2.46751671e-05
23.20,2.47423354e-05
23.21,2.48100829e-05
23.22,2.48784147e-05
23.23,2.49473364e-05
23.24,2.50168533e-05
23.25,2.50869710e-05
23.26,2.51576950e-05
23.27,2.52290310e-05
23.28,2.53009847e-05
23.29,2.53735619e-05
23.30,2.54467684e-05
23.31,2.55206103e-05
23.32,2.55950935e-05
23.33,2.56702240e-05
23.34,2.57460080e-05
23.35,2.58224518e-05
23.36,2.58995617e-05
23.37,2.59773440e-05
23.38,2.60558052e-05
23.39,2.61349518e-05
23.40,2.62147904e-05
23.41,2.62953279e-05
23.42,2.63765709e-05
23.43,2.64585262e-05
23.44,2.65412010e-05
23.45,2.66246021e-05
23.46,2.67087367e-05
23.47,2.67936121e-05
23.48,2.68792355e-05
23.49,2.69656144e-05
23.50,2.70527561e-05
23.51,2.71406683e-05
23.52,2.72293587e-05
23.53,2.73188350e-05
23.54,2.74091051e-05
23.55,2.75001769e-05
23.56,2.75920585e-05
23.57,2.76847581e-05
23.58,2.77782839e-05
23.59,2.78726443e-05
23.60,2.79678477e-05
23.61,2.80639027e-05
23.62,2.81608181e-05
23.63,2.82586025e-05
23.64,2.83572649e-05
23.65,2.84568143e-05
23.66,2.85572598e-05
23.67,2.86586106e-05
23.68,2.87608762e-05
23.69,2.88640659e-05
23.70,2.89681894e-05
23.71,2.90732564e-05
23.72,2.91792766e-05
23.73,2.92862601e-05
23.74,2.93942170e-05
23.75,2.95031574e-05
23.76,2.96130916e-05
23.77,2.97240302e-05
23.78,2.98359837e-05
23.79,2.99489629e-05
23.80,3.00629785e-05
23.81,3.01780418e-05
23.82,3.02941636e-05
23.83,3.04113555e-05
23.84,3.05296286e-05
23.85,3.06489948e-05
23.86,3.07694656e-05
23.87,3.08910529e-05
23.88,3.10137687e-05
23.89,3.11376252e-05
23.90,3.12626347e-05
23.91,3.13888097e-05
23.92,3.15161628e-05
23.93,3.16447068e-05
23.94,3.17744547e-05
23.95,3.19054195e-05
23.96,3.20376147e-05
23.97,3.21710535e-05
23.98,3.23057496e-05
23.99,3.24417169e-05
24.00,3.25789693e-05
24.01,3.27175209e-05
24.02,3.28573861e-05
24.03,3.29985793e-05
24.04,3.31411153e-05
24.05,3.32850090e-05
24.06,3.34302753e-05
24.07,3.35769297e-05
24.08,3.37249874e-05
24.09,3.38744641e-05
24.10,3.40253758e-05
24.11,3.41777384e-05
24.12,3.43315681e-05
24.13,3.44868815e-05
24.14,3.46436951e-05
24.15,3.48020259e-05
24.16,3.49618909e-05
24.17,3.51233073e-05
24.18,3.52862928e-05
24.19,3.54508650e-05
24.20,3.56170419e-05
24.21,3.57848417e-05
24.22,3.59542827e-05
24.23,3.61253836e-05
24.24,3.62981633e-05
24.25,3.64726408e-05
24.26,3.66488355e-05
24.27,3.68267670e-05
24.28,3.70064551e-05
24.29,3.71879198e-05
24.30,3.73711815e-05
24.31,3.75562607e-05
24.32,3.77431782e-05
24.33,3.79319552e-05
24.34,3.81226129e-05
24.35,3.83151730e-05
24.36,3.85096572e-05
24.37,3.87060878e-05
24.38,3.89044870e-05
24.39,3.91048777e-05
24.40,3.93072826e-05
24.41,3.95117250e-05
24.42,3.97182285e-05
24.43,3.99268167e-05
24.44,4.01375137e-05
24.45,4.03503440e-05
24.46,4.05653320e-05
24.47,4.07825027e-05
24.48,4.10018813e-05
24.49,4.12234934e-05
24.50,4.14473647e-05
24.51,4.16735214e-05
24.52,4.19019898e-05
24.53,4.21327967e-05
24.54,4.23659690e-05
24.55,4.26015341e-05
24.56,4.28395197e-05
24.57,4.30799536e-05
24.58,4.33228641e-05
24.59,4.35682798e-05
24.60,4.38162295e-05
24.61,4.40667425e-05
24.62,4.43198483e-05
24.63,4.45755767e-05
24.64,4.48339578e-05
24.65,4.50950222e-05
24.66,4.53588006e-05
24.67,4.56253241e-05
24.68,4.58946243e-05
24.69,4.61667327e-05
24.70,4.64416817e-05
24.71,4.67195034e-05
24.72,4.70002307e-05
24.73,4.72838966e-05
24.74,4.75705345e-05
24.75,4.78601781e-05
24.76,4.81528613e-05
24.77,4.84486186e-05
24.78,4.87474844e-05
24.79,4.90494939e-05
24.80,4.93546821e-05
24.81,4.96630848e-05
24.82,4.99747378e-05
24.83,5.02896771e-05
24.84,5.06079394e-05
24.85,5.09295614e-05
24.86,5.12545801e-05
24.87,5.15830329e-05
24.88,5.19149574e-05
24.89,5.22503914e-05
24.90,5.25893731e-05
24.91,5.29319410e-05
24.92,5.32781337e-05
24.93,5.36279902e-05
24.94,5.39815495e-05
24.95,5.43388511e-05
24.96,5.46999345e-05
24.97,5.50648396e-05
24.98,5.54336065e-05
24.99,5.58062752e-05
25.00,5.61828861e-05
25.01,5.65634799e-05
25.02,5.69480972e-05
25.03,5.73367788e-05
25.04,5.77295656e-05
25.05,5.81264988e-05
25.06,5.85276194e-05
25.07,5.89329687e-05
25.08,5.93425879e-05
25.09,5.97565184e-05
25.10,6.01748013e-05
25.11,6.05974781e-05
25.12,6.10245900e-05
25.13,6.14561782e-05
25.14,6.18922839e-05
25.15,6.23329480e-05
25.16,6.27782115e-05
25.17,6.32281151e-05
25.18,6.36826993e-05
25.19,6.41420045e-05
25.20,6.46060707e-05
25.21,6.50749376e-05
25.22,6.55486448e-05
25.23,6.60272313e-05
25.24,6.65107358e-05
25.25,6.69991965e-05
25.26,6.74926512e-05
25.27,6.79911371e-05
25.28,6.84946908e-05
25.29,6.90033485e-05
25.30,6.95171453e-05
25.31,7.00361161e-05
25.32,7.05602945e-05
25.33,7.10897138e-05
25.34,7.16244059e-05
25.35,7.21644021e-05
25.36,7.27097326e-05
25.37,7.32604265e-05
25.38,7.38165116e-05
25.39,7.43780149e-05
25.40,7.49449616e-05
25.41,7.55173760e-05
25.42,7.60952807e-05
25.43,7.66786969e-05
25.44,7.72676440e-05
25.45,7.78621400e-05
25.46,7.84622011e-05
25.47,7.90678413e-05
25.48,7.96790731e-05
25.49,8.02959067e-05
25.50,8.09183501e-05
25.51,8.15464093e-05
25.52,8.21800876e-05
25.53,8.28193862e-05
25.54,8.34643035e-05
25.55,8.41148352e-05
25.56,8.47709743e-05
25.57,8.54327108e-05
25.58,8.61000317e-05
25.59,8.67729208e-05
25.60,8.74513584e-05
25.61,8.81353218e-05
25.62,8.88247842e-05
25.63,8.95197154e-05
25.64,9.02200814e-05
25.65,9.09258438e-05
25.66,9.16369603e-05
25.67,9.23533844e-05
25.68,9.30750649e-05
25.69,9.38019460e-05
25.70,9.45339672e-05
25.71,9.52710630e-05
25.72,9.60131627e-05
25.73,9.67601904e-05
25.74,9.75120646e-05
25.75,9.82686983e-05
25.76,9.90299987e-05
25.77,9.97958667e-05
25.78,1.00566197e-04
25.79,1.01340879e-04
25.80,1.02119794e-04
25.81,1.02902817e-04
25.82,1.03689816e-04
25.83,1.04480654e-04
25.84,1.05275182e-04
25.85,1.06073249e-04
25.86,1.06874692e-04
25.87,1.07679342e-04
25.88,1.08487022e-04
25.89,1.09297546e-04
25.90,1.10110719e-04
25.91,1.10926340e-04
25.92,1.11744196e-04
25.93,1.12564066e-04
25.94,1.13385721e-04
25.95,1.14208921e-04
25.96,1.15033417e-04
25.97,1.15858950e-04
25.98,1.16685252e-04
25.99,1.17512044e-04
26.00,1.18339036e-04
26.01,1.19165930e-04
26.02,1.19992414e-04
26.03,1.20818169e-04
26.04,1.21642862e-04
26.05,1.22466150e-04
26.06,1.23287679e-04
26.07,1.24107085e-04
26.08,1.24923990e-04
26.09,1.25738007e-04
26.10,1.26548735e-04
26.11,1.27355764e-04
26.12,1.28158671e-04
26.13,1.28957019e-04
26.14,1.29750364e-04
26.15,1.30538245e-04
26.16,1.31320194e-04
26.17,1.32095726e-04
26.18,1.32864349e-04
26.19,1.33625555e-04
26.20,1.34378826e-04
26.21,1.35123633e-04
26.22,1.35859433e-04
26.23,1.36585673e-04
26.24,1.37301788e-04
26.25,1.38007202e-04
26.26,1.38701325e-04
26.27,1.39383559e-04
26.28,1.40053293e-04
26.29,1.40709906e-04
26.30,1.41352765e-04
26.31,1.41981227e-04
26.32,1.42594639e-04
26.33,1.43192338e-04
26.34,1.43773649e-04
26.35,1.44337891e-04
26.36,1.44884371e-04
26.37,1.45412387e-04
26.38,1.45921229e-04
26.39,1.46410178e-04
26.40,1.46878507e-04
26.41,1.47325482e-04
26.42,1.47750361e-04
26.43,1.48152394e-04
26.44,1.48530826e-04
26.45,1.48884895e-04
26.46,1.49213833e-04
26.47,1.49516867e-04
26.48,1.49793217e-04
26.49,1.50042099e-04
26.50,1.50262722e-04
26.51,1.50454292e-04
26.52,1.50616010e-04
26.53,1.50747082e-04
26.54,1.50846746e-04
26.55,1.50914268e-04
26.56,1.50948813e-04
26.57,1.50949448e-04
26.58,1.50916167e-04
26.59,1.50849898e-04
26.60,1.50751481e-04
26.61,1.50621647e-04
26.62,1.50461161e-04
26.63,1.50270813e-04
26.64,1.50051404e-04
26.65,1.49803729e-04
26.66,1.49528577e-04
26.67,1.49226735e-04
26.68,1.48898980e-04
26.69,1.48546086e-04
26.70,1.48168822e-04
26.71,1.47767949e-04
26.72,1.47344223e-04
26.73,1.46898393e-04
26.74,1.46431202e-04
26.75,1.45943384e-04
26.76,1.45435666e-04
26.77,1.44908767e-04
26.78,1.44363397e-04
26.79,1.43800258e-04
26.80,1.43220043e-04
26.81,1.42623434e-04
26.82,1.42011106e-04
26.83,1.41383721e-04
26.84,1.40741933e-04
26.85,1.40086385e-04
26.86,1.39417710e-04
26.87,1.38736529e-04
26.88,1.38043453e-04
26.89,1.37339082e-04
26.90,1.36624003e-04
26.91,1.35898794e-04
26.92,1.35164020e-04
26.93,1.34420234e-04
26.94,1.33667979e-04
26.95,1.32907785e-04
26.96,1.32140169e-04
26.97,1.31365639e-04
26.98,1.30584689e-04
26.99,1.29797801e-04
27.00,1.29005446e-04
27.01,1.28208084e-04
27.02,1.27406160e-04
27.03,1.26600109e-04
27.04,1.25790356e-04
27.05,1.24977311e-04
27.06,1.24161374e-04
27.07,1.23342934e-04
27.08,1.22522367e-04
27.09,1.21700038e-04
27.10,1.20876302e-04
27.11,1.20051502e-04
27.12,1.19225970e-04
27.13,1.18400026e-04
27.14,1.17573981e-04
27.15,1.16748135e-04
27.16,1.15922776e-04
27.17,1.15098185e-04
27.18,1.14274629e-04
27.19,1.13452367e-04
27.20,1.12631650e-04
27.21,1.11812715e-04
27.22,1.10995794e-04
27.23,1.10181107e-04
27.24,1.09368866e-04
27.25,1.08559274e-04
27.26,1.07752525e-04
27.27,1.06948805e-04
27.28,1.06148291e-04
27.29,1.05351154e-04
27.30,1.04557554e-04
27.31,1.03767645e-04
27.32,1.02981574e-04
27.33,1.02199479e-04
27.34,1.01421492e-04
27.35,1.00647739e-04
27.36,9.98783366e-05
27.37,9.91133973e-05
27.38,9.83530260e-05
27.39,9.75973218e-05
27.40,9.68463775e-05
27.41,9.61002804e-05
27.42,9.53591119e-05
27.43,9.46229480e-05
27.44,9.38918596e-05
27.45,9.31659120e-05
27.46,9.24451661e-05
27.47,9.17296776e-05
27.48,9.10194976e-05
27.49,9.03146730e-05
27.50,8.96152461e-05
27.51,8.89212550e-05
27.52,8.82327342e-05
27.53,8.75497138e-05
27.54,8.68722204e-05
27.55,8.62002773e-05
27.56,8.55339038e-05
27.57,8.48731163e-05
27.58,8.42179278e-05
27.59,8.35683484e-05
27.60,8.29243852e-05
27.61,8.22860425e-05
27.62,8.16533219e-05
27.63,8.10262224e-05
27.64,8.04047405e-05
27.65,7.97888705e-05
27.66,7.91786043e-05
27.67,7.85739316e-05
27.68,7.79748403e-05
27.69,7.73813162e-05
27.70,7.67933431e-05
27.71,7.62109032e-05
27.72,7.56339771e-05
27.73,7.50625435e-05
27.74,7.44965799e-05
27.75,7.39360622e-05
27.76,7.33809650e-05
27.77,7.28312615e-05
27.78,7.22869238e-05
27.79,7.17479229e-05
27.80,7.12142287e-05
27.81,7.06858099e-05
27.82,7.01626344e-05
27.83,6.96446693e-05
27.84,6.91318808e-05
27.85,6.86242341e-05
27.86,6.81216941e-05
27.87,6.76242247e-05
27.88,6.71317892e-05
27.89,6.66443505e-05
27.90,6.61618709e-05
27.91,6.56843121e-05
27.92,6.52116355e-05
27.93,6.47438020e-05
27.94,6.42807723e-05
27.95,6.38225065e-05
27.96,6.33689646e-05
27.97,6.29201064e-05
27.98,6.24758913e-05
27.99,6.20362787e-05
28.00,6.16012276e-05
28.01,6.11706971e-05
28.02,6.07446460e-05
28.03,6.03230332e-05
28.04,5.99058174e-05
28.05,5.94929573e-05
28.06,5.90844117e-05
28.07,5.86801393e-05
28.08,5.82800988e-05
28.09,5.78842491e-05
28.10,5.74925490e-05
28.11,5.71049575e-05
28.12,5.67214338e-05
28.13,5.63419369e-05
28.14,5.59664262e-05
28.15,5.55948613e-05
28.16,5.52272017e-05
28.17,5.48634074e-05
28.18,5.45034382e-05
28.19,5.41472544e-05
28.20,5.37948165e-05
28.21,5.34460850e-05
28.22,5.31010209e-05
28.23,5.27595852e-05
28.24,5.24217393e-05
28.25,5.20874449e-05
28.26,5.17566637e-05
28.27,5.14293579e-05
28.28,5.11054900e-05
28.29,5.07850226e-05
28.30,5.04679187e-05
28.31,5.01541415e-05
28.32,4.98436546e-05
28.33,4.95364219e-05
28.34,4.92324075e-05
28.35,4.89315758e-05
28.36,4.86338917e-05
28.37,4.83393202e-05
28.38,4.80478268e-05
28.39,4.77593770e-05
28.40,4.74739369e-05
28.41,4.71914730e-05
28.42,4.69119517e-05
28.43,4.66353402e-05
28.44,4.63616056e-05
28.45,4.60907157e-05
28.46,4.58226384e-05
28.47,4.55573419e-05
28.48,4.52947949e-05
28.49,4.50349661e-05
28.50,4.47778250e-05
28.51,4.45233410e-05
28.52,4.42714839e-05
28.53,4.40222241e-05
28.54,4.37755320e-05
28.55,4.35313784e-05
28.56,4.32897345e-05
28.57,4.30505718e-05
28.58,4.28138620e-05
28.59,4.25795772e-05
28.60,4.23476898e-05
28.61,4.21181726e-05
28.62,4.18909985e-05
28.63,4.16661409e-05
28.64,4.14435733e-05
28.65,4.12232698e-05
28.66,4.10052046e-05
28.67,4.07893522e-05
28.68,4.05756873e-05
28.69,4.03641852e-05
28.70,4.01548212e-05
28.71,3.99475710e-05
28.72,3.97424105e-05
28.73,3.95393162e-05
28.74,3.93382645e-05
28.75,3.91392321e-05
28.76,3.89421963e-05
28.77,3.87471344e-05
28.78,3.85540241e-05
28.79,3.83628432e-05
28.80,3.81735700e-05
28.81,3.79861828e-05
28.82,3.78006605e-05
28.83,3.76169819e-05
28.84,3.74351263e-05
28.85,3.72550731e-05
28.86,3.70768022e-05
28.87,3.69002934e-05
28.88,3.67255269e-05
28.89,3.65524834e-05
28.90,3.63811433e-05
28.91,3.62114878e-05
28.92,3.60434979e-05
28.93,3.58771551e-05
28.94,3.57124410e-05
28.95,3.55493375e-05
28.96,3.53878266e-05
28.97,3.52278908e-05
28.98,3.50695125e-05
28.99,3.49126744e-05
29.00,3.47573597e-05
29.01,3.46035513e-05
29.02,3.44512328e-05
29.03,3.43003877e-05
29.04,3.41509998e-05
29.05,3.40030532e-05
29.06,3.38565320e-05
29.07,3.37114207e-05
29.08,3.35677037e-05
29.09,3.34253661e-05
29.10,3.32843927e-05
29.11,3.31447686e-05
29.12,3.30064794e-05
29.13,3.28695104e-05
29.14,3.27338475e-05
29.15,3.25994765e-05
29.16,3.24663835e-05
29.17,3.23345548e-05
29.18,3.22039768e-05
29.19,3.20746361e-05
29.20,3.19465196e-05
29.21,3.18196140e-05
29.22,3.16939065e-05
29.23,3.15693845e-05
29.24,3.14460352e-05
29.25,3.13238464e-05
29.26,3.12028057e-05
29.27,3.10829010e-05
29.28,3.09641204e-05
29.29,3.08464521e-05
29.30,3.07298844e-05
29.31,3.06144058e-05
29.32,3.05000050e-05
29.33,3.03866707e-05
29.34,3.02743919e-05
29.35,3.01631576e-05
29.36,3.00529570e-05
29.37,2.99437795e-05
29.38,2.98356145e-05
29.39,2.97284516e-05
29.40,2.96222806e-05
29.41,2.95170914e-05
29.42,2.94128738e-05
29.43,2.93096181e-05
29.44,2.92073144e-05
29.45,2.91059532e-05
29.46,2.90055249e-05
29.47,2.89060202e-05
29.48,2.88074297e-05
29.49,2.87097443e-05
29.50,2.86129549e-05
29.51,2.85170526e-05
29.52,2.84220286e-05
29.53,2.83278742e-05
29.54,2.82345808e-05
29.55,2.81421398e-05
29.56,2.80505430e-05
29.57,2.79597819e-05
29.58,2.78698485e-05
29.59,2.77807347e-05
29.60,2.76924325e-05
29.61,2.76049339e-05
29.62,2.75182314e-05
29.63,2.74323170e-05
29.64,2.73471834e-05
29.65,2.72628230e-05
29.66,2.71792284e-05
29.67,2.70963922e-05
29.68,2.70143074e-05
29.69,2.69329668e-05
29.70,2.68523633e-05
29.71,2.67724900e-05
29.72,2.66933401e-05
29.73,2.66149068e-05
29.74,2.65371833e-05
29.75,2.64601632e-05
29.76,2.63838399e-05
29.77,2.63082069e-05
29.78,2.62332579e-05
29.79,2.61589867e-05
29.80,2.60853869e-05
29.81,2.60124526e-05
29.82,2.59401777e-05
29.83,2.58685561e-05
29.84,2.57975821e-05
29.85,2.57272498e-05
29.86,2.56575534e-05
29.87,2.55884873e-05
29.88,2.55200459e-05
29.89,2.54522236e-05
29.90,2.53850150e-05
29.91,2.53184147e-05
29.92,2.52524174e-05
29.93,2.51870179e-05
29.94,2.51222108e-05
29.95,2.50579912e-05
29.96,2.49943539e-05
29.97,2.49312940e-05
29.98,2.48688065e-05
29.99,2.48068865e-05
30.00,2.47455293e-05
30.01,2.46847301e-05
30.02,2.46244843e-05
30.03,2.45647871e-05
30.04,2.45056340e-05
30.05,2.44470206e-05
30.06,2.43889423e-05
30.07,2.43313948e-05
30.08,2.42743738e-05
30.09,2.42178749e-05
30.10,2.41618939e-05
30.11,2.41064267e-05
30.12,2.40514692e-05
30.13,2.39970172e-05
30.14,2.39430668e-05
30.15,2.38896141e-05
30.16,2.38366550e-05
30.17,2.37841858e-05
30.18,2.37322027e-05
30.19,2.36807018e-05
30.20,2.36296796e-05
30.21,2.35791323e-05
30.22,2.35290563e-05
30.23,2.34794481e-05
30.24,2.34303042e-05
30.25,2.33816211e-05
30.26,2.33333954e-05
30.27,2.32856237e-05
30.28,2.32383027e-05
30.29,2.31914291e-05
30.30,2.31449996e-05
30.31,2.30990112e-05
30.32,2.30534606e-05
30.33,2.30083448e-05
30.34,2.29636607e-05
30.35,2.29194052e-05
30.36,2.28755754e-05
30.37,2.28321684e-05
30.38,2.27891813e-05
30.39,2.27466112e-05
30.40,2.27044553e-05
30.41,2.26627109e-05
30.42,2.26213752e-05
30.43,2.25804456e-05
30.44,2.25399194e-05
30.45,2.24997940e-05
30.46,2.24600668e-05
30.47,2.24207353e-05
30.48,2.23817971e-05
30.49,2.23432496e-05
30.50,2.23050904e-05
30.51,2.22673173e-05
30.52,2.22299277e-05
30.53,2.21929196e-05
30.54,2.21562904e-05
30.55,2.21200382e-05
30.56,2.20841606e-05
30.57,2.20486555e-05
30.58,2.20135207e-05
30.59,2.19787543e-05
30.60,2.19443542e-05
30.61,2.19103182e-05
30.62,2.18766446e-05
30.63,2.18433312e-05
30.64,2.18103763e-05
30.65,2.17777780e-05
30.66,2.17455343e-05
30.67,2.17136436e-05
30.68,2.16821040e-05
30.69,2.16509138e-05
30.70,2.16200712e-05
30.71,2.15895748e-05
30.72,2.15594227e-05
30.73,2.15296134e-05
30.74,2.15001454e-05
30.75,2.14710171e-05
30.76,2.14422270e-05
30.77,2.14137736e-05
30.78,2.13856555e-05
30.79,2.13578713e-05
30.80,2.13304197e-05
30.81,2.13032993e-05
30.82,2.12765087e-05
30.83,2.12500468e-05
30.84,2.12239123e-05
30.85,2.11981040e-05
30.86,2.11726207e-05
30.87,2.11474612e-05
30.88,2.11226246e-05
30.89,2.10981097e-05
30.90,2.10739154e-05
30.91,2.10500408e-05
30.92,2.10264848e-05
30.93,2.10032466e-05
30.94,2.09803253e-05
30.95,2.09577198e-05
30.96,2.09354295e-05
30.97,2.09134535e-05
30.98,2.08917911e-05
30.99,2.08704414e-05
31.00,2.08494038e-05
31.01,2.08286776e-05
31.02,2.08082621e-05
31.03,2.07881568e-05
31.04,2.07683610e-05
31.05,2.07488742e-05
31.06,2.07296960e-05
31.07,2.07108258e-05
31.08,2.06922632e-05
31.09,2.06740078e-05
31.10,2.06560592e-05
31.11,2.06384171e-05
31.12,2.06210812e-05
31.13,2.06040512e-05
31.14,2.05873269e-05
31.15,2.05709081e-05
31.16,2.05547946e-05
31.17,2.05389863e-05
31.18,2.05234832e-05
31.19,2.05082851e-05
31.20,2.04933921e-05
31.21,2.04788042e-05
31.22,2.04645214e-05
31.23,2.04505439e-05
31.24,2.04368718e-05
31.25,2.04235053e-05
31.26,2.04104445e-05
31.27,2.03976898e-05
31.28,2.03852414e-05
31.29,2.03730997e-05
31.30,2.03612651e-05
31.31,2.03497379e-05
31.32,2.03385187e-05
31.33,2.03276079e-05
31.34,2.03170061e-05
31.35,2.03067138e-05
31.36,2.02967318e-05
31.37,2.02870606e-05
31.38,2.02777010e-05
31.39,2.02686538e-05
31.40,2.02599197e-05
31.41,2.02514996e-05
31.42,2.02433945e-05
31.43,2.02356052e-05
31.44,2.02281328e-05
31.45,2.02209783e-05
31.46,2.02141428e-05
31.47,2.02076275e-05
31.48,2.02014336e-05
31.49,2.01955622e-05
31.50,2.01900148e-05
31.51,2.01847926e-05
31.52,2.01798970e-05
31.53,2.01753296e-05
31.54,2.01710919e-05
31.55,2.01671853e-05
31.56,2.01636116e-05
31.57,2.01603725e-05
31.58,2.01574696e-05
31.59,2.01549049e-05
31.60,2.01526800e-05
31.61,2.01507971e-05
31.62,2.01492581e-05
31.63,2.01480651e-05
31.64,2.01472201e-05
31.65,2.01467253e-05
31.66,2.01465831e-05
31.67,2.01467957e-05
31.68,2.01473656e-05
31.69,2.01482952e-05
31.70,2.01495870e-05
31.71,2.01512437e-05
31.72,2.01532679e-05
31.73,2.01556625e-05
31.74,2.01584302e-05
31.75,2.01615739e-05
31.76,2.01650968e-05
31.77,2.01690018e-05
31.78,2.01732921e-05
31.79,2.01779709e-05
31.80,2.01830417e-05
31.81,2.01885078e-05
31.82,2.01943728e-05
31.83,2.02006402e-05
31.84,2.02073138e-05
31.85,2.02143973e-05
31.86,2.02218947e-05
31.87,2.02298099e-05
31.88,2.02381471e-05
31.89,2.02469104e-05
31.90,2.02561041e-05
31.91,2.02657326e-05
31.92,2.02758005e-05
31.93,2.02863124e-05
31.94,2.02972729e-05
31.95,2.03086871e-05
31.96,2.03205598e-05
31.97,2.03328961e-05
31.98,2.03457013e-05
31.99,2.03589807e-05
32.00,2.03727397e-05
32.01,2.03869840e-05
32.02,2.04017193e-05
32.03,2.04169515e-05
32.04,2.04326864e-05
32.05,2.04489304e-05
32.06,2.04656897e-05
32.07,2.04829707e-05
32.08,2.05007799e-05
32.09,2.05191242e-05
32.10,2.05380104e-05
32.11,2.05574456e-05
32.12,2.05774369e-05
32.13,2.05979917e-05
32.14,2.06191176e-05
32.15,2.06408222e-05
32.16,2.06631135e-05
32.17,2.06859995e-05
32.18,2.07094884e-05
32.19,2.07335886e-05
32.20,2.07583088e-05
32.21,2.07836578e-05
32.22,2.08096445e-05
32.23,2.08362780e-05
32.24,2.08635679e-05
32.25,2.08915237e-05
32.26,2.09201552e-05
32.27,2.09494723e-05
32.28,2.09794854e-05
32.29,2.10102048e-05
32.30,2.10416412e-05
32.31,2.10738055e-05
32.32,2.11067089e-05
32.33,2.11403626e-05
32.34,2.11747783e-05
32.35,2.12099678e-05
32.36,2.12459431e-05
32.37,2.12827166e-05
32.38,2.13203009e-05
32.39,2.13587087e-05
32.40,2.13979531e-05
32.41,2.14380475e-05
32.42,2.14790054e-05
32.43,2.15208408e-05
32.44,2.15635678e-05
32.45,2.16072007e-05
32.46,2.16517542e-05
32.47,2.16972433e-05
32.48,2.17436833e-05
32.49,2.17910896e-05
32.50,2.18394779e-05
32.51,2.18888645e-05
32.52,2.19392655e-05
32.53,2.19906978e-05
32.54,2.20431781e-05
32.55,2.20967236e-05
32.56,2.21513520e-05
32.57,2.22070808e-05
32.58,2.22639282e-05
32.59,2.23219125e-05
32.60,2.23810522e-05
32.61,2.24413662e-05
32.62,2.25028737e-05
32.63,2.25655940e-05
32.64,2.26295468e-05
32.65,2.26947519e-05
32.66,2.27612295e-05
32.67,2.28289999e-05
32.68,2.28980837e-05
32.69,2.29685017e-05
32.70,2.30402748e-05
32.71,2.31134243e-05
32.72,2.31879714e-05
32.73,2.32639376e-05
32.74,2.33413446e-05
32.75,2.34202140e-05
32.76,2.35005677e-05
32.77,2.35824276e-05
32.78,2.36658156e-05
32.79,2.37507535e-05
32.80,2.38372634e-05
32.81,2.39253670e-05
32.82,2.40150861e-05
32.83,2.41064424e-05
32.84,2.41994573e-05
32.85,2.42941521e-05
32.86,2.43905478e-05
32.87,2.44886650e-05
32.88,2.45885240e-05
32.89,2.46901448e-05
32.90,2.47935467e-05
32.91,2.48987486e-05
32.92,2.50057686e-05
32.93,2.51146242e-05
32.94,2.52253322e-05
32.95,2.53379084e-05
32.96,2.54523676e-05
32.97,2.55687236e-05
32.98,2.56869892e-05
32.99,2.58071757e-05
33.00,2.59292930e-05
33.01,2.60533497e-05
33.02,2.61793527e-05
33.03,2.63073069e-05
33.04,2.64372157e-05
33.05,2.65690802e-05
33.06,2.67028993e-05
33.07,2.68386696e-05
33.08,2.69763852e-05
33.09,2.71160374e-05
33.10,2.72576147e-05
33.11,2.74011025e-05
33.12,2.75464828e-05
33.13,2.76937344e-05
33.14,2.78428322e-05
33.15,2.79937472e-05
33.16,2.81464463e-05
33.17,2.83008922e-05
33.18,2.84570428e-05
33.19,2.86148511e-05
33.20,2.87742652e-05
33.21,2.89352278e-05
33.22,2.90976759e-05
33.23,2.92615408e-05
33.24,2.94267475e-05
33.25,2.95932147e-05
33.26,2.97608543e-05
33.27,2.99295715e-05
33.28,3.00992641e-05
33.29,3.02698224e-05
33.30,3.04411291e-05
33.31,3.06130589e-05
33.32,3.07854779e-05
33.33,3.09582443e-05
33.34,3.11312069e-05
33.35,3.13042061e-05
33.36,3.14770728e-05
33.37,3.16496284e-05
33.38,3.18216851e-05
33.39,3.19930450e-05
33.40,3.21635004e-05
33.41,3.23328336e-05
33.42,3.25008167e-05
33.43,3.26672116e-05
33.44,3.28317699e-05
33.45,3.29942329e-05
33.46,3.31543315e-05
33.47,3.33117863e-05
33.48,3.34663077e-05
33.49,3.36175959e-05
33.50,3.37653412e-05
33.51,3.39092238e-05
33.52,3.40489144e-05
33.53,3.41840744e-05
33.54,3.43143557e-05
33.55,3.44394015e-05
33.56,3.45588466e-05
33.57,3.46723176e-05
33.58,3.47794332e-05
33.59,3.48798050e-05
33.60,3.49730377e-05
33.61,3.50587299e-05
33.62,3.51364743e-05
33.63,3.52058582e-05
33.64,3.52664643e-05
33.65,3.53178704e-05
33.66,3.53596496e-05
33.67,3.53913742e-05
33.68,3.54126336e-05
33.69,3.54229976e-05
33.70,3.54221278e-05
33.71,3.54103558e-05
33.72,3.53881130e-05
33.73,3.53558096e-05
33.74,3.53138728e-05
33.75,3.52627297e-05
33.76,3.52028022e-05
33.77,3.51345077e-05
33.78,3.50582587e-05
33.79,3.49744624e-05
33.80,3.48835204e-05
33.81,3.47858277e-05
33.82,3.46817728e-05
33.83,3.45717368e-05
33.84,3.44560932e-05
33.85,3.43352072e-05
33.86,3.42094355e-05
33.87,3.40791261e-05
33.88,3.39446177e-05
33.89,3.38062397e-05
33.90,3.36643116e-05
33.91,3.35191433e-05
33.92,3.33710346e-05
33.93,3.32202750e-05
33.94,3.30671440e-05
33.95,3.29119105e-05
33.96,3.27548334e-05
33.97,3.25961610e-05
33.98,3.24361314e-05
33.99,3.22749726e-05
34.00,3.21129022e-05
34.01,3.19501279e-05
34.02,3.17868474e-05
34.03,3.16232489e-05
34.04,3.14595106e-05
34.05,3.12958017e-05
34.06,3.11322820e-05
34.07,3.09691022e-05
34.08,3.08064045e-05
34.09,3.06443226e-05
34.10,3.04829817e-05
34.11,3.03224991e-05
34.12,3.01629845e-05
34.13,3.00045399e-05
34.14,2.98472603e-05
34.15,2.96912335e-05
34.16,2.95365409e-05
34.17,2.93832573e-05
34.18,2.92314514e-05
34.19,2.90811860e-05
34.20,2.89325185e-05
34.21,2.87855007e-05
34.22,2.86401794e-05
34.23,2.84965965e-05
34.24,2.83547894e-05
34.25,2.82147911e-05
34.26,2.80766304e-05
34.27,2.79403323e-05
34.28,2.78059179e-05
34.29,2.76734051e-05
34.30,2.75428083e-05
34.31,2.74141389e-05
34.32,2.72874056e-05
34.33,2.71626140e-05
34.34,2.70397674e-05
34.35,2.69188668e-05
34.36,2.67999108e-05
34.37,2.66828962e-05
34.38,2.65678177e-05
34.39,2.64546682e-05
34.40,2.63434391e-05
34.41,2.62341203e-05
34.42,2.61267002e-05
34.43,2.60211660e-05
34.44,2.59175037e-05
34.45,2.58156983e-05
34.46,2.57157338e-05
34.47,2.56175932e-05
34.48,2.55212591e-05
34.49,2.54267128e-05
34.50,2.53339355e-05
34.51,2.52429076e-05
34.52,2.51536089e-05
34.53,2.50660191e-05
34.54,2.49801172e-05
34.55,2.48958821e-05
34.56,2.48132923e-05
34.57,2.47323261e-05
34.58,2.46529617e-05
34.59,2.45751772e-05
34.60,2.44989505e-05
34.61,2.44242594e-05
34.62,2.43510819e-05
34.63,2.42793958e-05
34.64,2.42091790e-05
34.65,2.41404095e-05
34.66,2.40730654e-05
34.67,2.40071248e-05
34.68,2.39425660e-05
34.69,2.38793675e-05
34.70,2.38175078e-05
34.71,2.37569659e-05
34.72,2.36977206e-05
34.73,2.36397512e-05
34.74,2.35830371e-05
34.75,2.35275579e-05
34.76,2.34732935e-05
34.77,2.34202240e-05
34.78,2.33683299e-05
34.79,2.33175916e-05
34.80,2.32679902e-05
34.81,2.32195068e-05
34.82,2.31721229e-05
34.83,2.31258200e-05
34.84,2.30805803e-05
34.85,2.30363860e-05
34.86,2.29932196e-05
34.87,2.29510639e-05
34.88,2.29099022e-05
34.89,2.28697176e-05
34.90,2.28304940e-05
34.91,2.27922152e-05
34.92,2.27548655e-05
34.93,2.27184293e-05
34.94,2.26828915e-05
34.95,2.26482371e-05
34.96,2.26144514e-05
34.97,2.25815200e-05
34.98,2.25494287e-05
34.99,2.25181636e-05
35.00,2.24877112e-05
35.01,2.24580580e-05
35.02,2.24291909e-05
35.03,2.24010971e-05
35.04,2.23737640e-05
35.05,2.23471791e-05
35.06,2.23213303e-05
35.07,2.22962058e-05
35.08,2.22717938e-05
35.09,2.22480830e-05
35.10,2.22250621e-05
35.11,2.22027201e-05
35.12,2.21810463e-05
35.13,2.21600301e-05
35.14,2.21396612e-05
35.15,2.21199294e-05
35.16,2.21008248e-05
35.17,2.20823378e-05
35.18,2.20644586e-05
35.19,2.20471781e-05
35.20,2.20304870e-05
35.21,2.20143765e-05
35.22,2.19988377e-05
35.23,2.19838620e-05
35.24,2.19694410e-05
35.25,2.19555665e-05
35.26,2.19422304e-05
35.27,2.19294247e-05
35.28,2.19171418e-05
35.29,2.19053740e-05
35.30,2.18941139e-05
35.31,2.18833542e-05
35.32,2.18730878e-05
35.33,2.18633077e-05
35.34,2.18540071e-05
35.35,2.18451792e-05
35.36,2.18368176e-05
35.37,2.18289158e-05
35.38,2.18214675e-05
35.39,2.18144666e-05
35.40,2.18079070e-05
35.41,2.18017829e-05
35.42,2.17960884e-05
35.43,2.17908179e-05
35.44,2.17859658e-05
35.45,2.17815268e-05
35.46,2.17774955e-05
35.47,2.17738667e-05
35.48,2.17706354e-05
35.49,2.17677964e-05
35.50,2.17653450e-05
35.51,2.17632764e-05
35.52,2.17615859e-05
35.53,2.17602688e-05
35.54,2.17593208e-05
35.55,2.17587374e-05
35.56,2.17585143e-05
35.57,2.17586473e-05
35.58,2.17591323e-05
35.59,2.17599652e-05
35.60,2.17611422e-05
35.61,2.17626592e-05
35.62,2.17645125e-05
35.63,2.17666985e-05
35.64,2.17692134e-05
35.65,2.17720538e-05
35.66,2.17752160e-05
35.67,2.17786969e-05
35.68,2.17824929e-05
35.69,2.17866008e-05
35.70,2.17910174e-05
35.71,2.17957396e-05
35.72,2.18007644e-05
35.73,2.18060886e-05
35.74,2.18117095e-05
35.75,2.18176240e-05
35.76,2.18238295e-05
35.77,2.18303231e-05
35.78,2.18371021e-05
35.79,2.18441639e-05
35.80,2.18515059e-05
35.81,2.18591256e-05
35.82,2.18670205e-05
35.83,2.18751882e-05
35.84,2.18836263e-05
35.85,2.18923324e-05
35.86,2.19013044e-05
35.87,2.19105400e-05
35.88,2.19200371e-05
35.89,2.19297934e-05
35.90,2.19398069e-05
35.91,2.19500756e-05
35.92,2.19605975e-05
35.93,2.19713707e-05
35.94,2.19823931e-05
35.95,2.19936631e-05
35.96,2.20051787e-05
35.97,2.20169381e-05
35.98,2.20289397e-05
35.99,2.20411817e-05
36.00,2.20536624e-05
36.01,2.20663802e-05
36.02,2.20793336e-05
36.03,2.20925209e-05
36.04,2.21059407e-05
36.05,2.21195914e-05
36.06,2.21334716e-05
36.07,2.21475799e-05
36.08,2.21619149e-05
36.09,2.21764752e-05
36.10,2.21912596e-05
36.11,2.22062666e-05
36.12,2.22214952e-05
36.13,2.22369439e-05
36.14,2.22526117e-05
36.15,2.22684973e-05
36.16,2.22845996e-05
36.17,2.23009175e-05
36.18,2.23174498e-05
36.19,2.23341956e-05
36.20,2.23511538e-05
36.21,2.23683234e-05
36.22,2.23857033e-05
36.23,2.24032927e-05
36.24,2.24210906e-05
36.25,2.24390960e-05
36.26,2.24573082e-05
36.27,2.24757261e-05
36.28,2.24943491e-05
36.29,2.25131762e-05
36.30,2.25322066e-05
36.31,2.25514397e-05
36.32,2.25708746e-05
36.33,2.25905106e-05
36.34,2.26103470e-05
36.35,2.26303831e-05
36.36,2.26506182e-05
36.37,2.26710517e-05
36.38,2.26916830e-05
36.39,2.27125114e-05
36.40,2.27335364e-05
36.41,2.27547573e-05
36.42,2.27761736e-05
36.43,2.27977849e-05
36.44,2.28195905e-05
36.45,2.28415900e-05
36.46,2.28637828e-05
36.47,2.28861686e-05
36.48,2.29087468e-05
36.49,2.29315171e-05
36.50,2.29544790e-05
36.51,2.29776320e-05
36.52,2.30009760e-05
36.53,2.30245104e-05
36.54,2.30482349e-05
36.55,2.30721491e-05
36.56,2.30962529e-05
36.57,2.31205457e-05
36.58,2.31450274e-05
36.59,2.31696977e-05
36.60,2.31945563e-05
36.61,2.32196030e-05
36.62,2.32448375e-05
36.63,2.32702596e-05
36.64,2.32958691e-05
36.65,2.33216658e-05
36.66,2.33476495e-05
36.67,2.33738200e-05
36.68,2.34001773e-05
36.69,2.34267211e-05
36.70,2.34534513e-05
36.71,2.34803679e-05
36.72,2.35074706e-05
36.73,2.35347595e-05
36.74,2.35622344e-05
36.75,2.35898952e-05
36.76,2.36177420e-05
36.77,2.36457746e-05
36.78,2.36739931e-05
36.79,2.37023973e-05
36.80,2.37309874e-05
36.81,2.37597633e-05
36.82,2.37887250e-05
36.83,2.38178725e-05
36.84,2.38472059e-05
36.85,2.38767252e-05
36.86,2.39064305e-05
36.87,2.39363218e-05
36.88,2.39663993e-05
36.89,2.39966629e-05
36.90,2.40271129e-05
36.91,2.40577493e-05
36.92,2.40885722e-05
36.93,2.41195818e-05
36.94,2.41507781e-05
36.95,2.41821615e-05
36.96,2.42137319e-05
36.97,2.42454896e-05
36.98,2.42774348e-05
36.99,2.43095675e-05
37.00,2.43418882e-05
37.01,2.43743969e-05
37.02,2.44070938e-05
37.03,2.44399792e-05
37.04,2.44730534e-05
37.05,2.45063165e-05
37.06,2.45397688e-05
37.07,2.45734106e-05
37.08,2.46072422e-05
37.09,2.46412638e-05
37.10,2.46754757e-05
37.11,2.47098782e-05
37.12,2.47444717e-05
37.13,2.47792564e-05
37.14,2.48142326e-05
37.15,2.48494008e-05
37.16,2.48847612e-05
37.17,2.49203142e-05
37.18,2.49560601e-05
37.19,2.49919993e-05
37.20,2.50281323e-05
37.21,2.50644593e-05
37.22,2.51009808e-05
37.23,2.51376972e-05
37.24,2.51746088e-05
37.25,2.52117161e-05
37.26,2.52490196e-05
37.27,2.52865196e-05
37.28,2.53242166e-05
37.29,2.53621111e-05
37.30,2.54002034e-05
37.31,2.54384942e-05
37.32,2.54769838e-05
37.33,2.55156727e-05
37.34,2.55545615e-05
37.35,2.55936506e-05
37.36,2.56329405e-05
37.37,2.56724317e-05
37.38,2.57121249e-05
37.39,2.57520204e-05
37.40,2.57921189e-05
37.41,2.58324208e-05
37.42,2.58729269e-05
37.43,2.59136375e-05
37.44,2.59545533e-05
37.45,2.59956748e-05
37.46,2.60370027e-05
37.47,2.60785376e-05
37.48,2.61202799e-05
37.49,2.61622305e-05
37.50,2.62043898e-05
37.51,2.62467585e-05
37.52,2.62893372e-05
37.53,2.63321266e-05
37.54,2.63751273e-05
37.55,2.64183400e-05
37.56,2.64617654e-05
37.57,2.65054040e-05
37.58,2.65492567e-05
37.59,2.65933241e-05
37.60,2.66376069e-05
37.61,2.66821057e-05
37.62,2.67268214e-05
37.63,2.67717546e-05
37.64,2.68169060e-05
37.65,2.68622764e-05
37.66,2.69078666e-05
37.67,2.69536773e-05
37.68,2.69997092e-05
37.69,2.70459631e-05
37.70,2.70924399e-05
37.71,2.71391402e-05
37.72,2.71860649e-05
37.73,2.72332148e-05
37.74,2.72805906e-05
37.75,2.73281933e-05
37.76,2.73760236e-05
37.77,2.74240823e-05
37.78,2.74723703e-05
37.79,2.75208885e-05
37.80,2.75696377e-05
37.81,2.76186187e-05
37.82,2.76678325e-05
37.83,2.77172800e-05
37.84,2.77669619e-05
37.85,2.78168793e-05
37.86,2.78670329e-05
37.87,2.79174239e-05
37.88,2.79680529e-05
37.89,2.80189211e-05
37.90,2.80700293e-05
37.91,2.81213784e-05
37.92,2.81729695e-05
37.93,2.82248035e-05
37.94,2.82768814e-05
37.95,2.83292041e-05
37.96,2.83817727e-05
37.97,2.84345881e-05
37.98,2.84876514e-05
37.99,2.85409635e-05
38.00,2.85945256e-05
38.01,2.86483386e-05
38.02,2.87024035e-05
38.03,2.87567215e-05
38.04,2.88112935e-05
38.05,2.88661207e-05
38.06,2.89212042e-05
38.07,2.89765449e-05
38.08,2.90321441e-05
38.09,2.90880028e-05
38.10,2.91441221e-05
38.11,2.92005032e-05
38.12,2.92571472e-05
38.13,2.93140552e-05
38.14,2.93712284e-05
38.15,2.94286680e-05
38.16,2.94863751e-05
38.17,2.95443508e-05
38.18,2.96025965e-05
38.19,2.96611132e-05
38.20,2.97199022e-05
38.21,2.97789647e-05
38.22,2.98383020e-05
38.23,2.98979152e-05
38.24,2.99578057e-05
38.25,3.00179746e-05
38.26,3.00784232e-05
38.27,3.01391529e-05
38.28,3.02001649e-05
38.29,3.02614604e-05
38.30,3.03230409e-05
38.31,3.03849076e-05
38.32,3.04470618e-05
38.33,3.05095049e-05
38.34,3.05722382e-05
38.35,3.06352631e-05
38.36,3.06985810e-05
38.37,3.07621932e-05
38.38,3.08261011e-05
38.39,3.08903061e-05
38.40,3.09548096e-05
38.41,3.10196131e-05
38.42,3.10847180e-05
38.43,3.11501257e-05
38.44,3.12158376e-05
38.45,3.12818553e-05
38.46,3.13481802e-05
38.47,3.14148138e-05
38.48,3.14817576e-05
38.49,3.15490131e-05
38.50,3.16165818e-05
38.51,3.16844653e-05
38.52,3.17526650e-05
38.53,3.18211827e-05
38.54,3.18900197e-05
38.55,3.19591777e-05
38.56,3.20286583e-05
38.57,3.20984631e-05
38.58,3.21685937e-05
38.59,3.22390517e-05
38.60,3.23098388e-05
38.61,3.23809566e-05
38.62,3.24524067e-05
38.63,3.25241909e-05
38.64,3.25963109e-05
38.65,3.26687682e-05
38.66,3.27415647e-05
38.67,3.28147021e-05
38.68,3.28881821e-05
38.69,3.29620064e-05
38.70,3.30361769e-05
38.71,3.31106952e-05
38.72,3.31855632e-05
38.73,3.32607827e-05
38.74,3.33363555e-05
38.75,3.34122835e-05
38.76,3.34885684e-05
38.77,3.35652121e-05
38.78,3.36422165e-05
38.79,3.37195835e-05
38.80,3.37973150e-05
38.81,3.38754128e-05
38.82,3.39538790e-05
38.83,3.40327154e-05
38.84,3.41119240e-05
38.85,3.41915068e-05
38.86,3.42714658e-05
38.87,3.43518029e-05
38.88,3.44325202e-05
38.89,3.45136196e-05
38.90,3.45951033e-05
38.91,3.46769733e-05
38.92,3.47592316e-05
38.93,3.48418804e-05
38.94,3.49249218e-05
38.95,3.50083578e-05
38.96,3.50921906e-05
38.97,3.51764223e-05
38.98,3.52610552e-05
38.99,3.53460913e-05
39.00,3.54315330e-05
39.01,3.55173823e-05
39.02,3.56036416e-05
39.03,3.56903131e-05
39.04,3.57773990e-05
39.05,3.58649016e-05
39.06,3.59528232e-05
39.07,3.60411662e-05
39.08,3.61299328e-05
39.09,3.62191254e-05
39.10,3.63087464e-05
39.11,3.63987982e-05
39.12,3.64892831e-05
39.13,3.65802035e-05
39.14,3.66715620e-05
39.15,3.67633609e-05
39.16,3.68556027e-05
39.17,3.69482899e-05
39.18,3.70414250e-05
39.19,3.71350106e-05
39.20,3.72290492e-05
39.21,3.73235433e-05
39.22,3.74184956e-05
39.23,3.75139086e-05
39.24,3.76097849e-05
39.25,3.77061273e-05
39.26,3.78029383e-05
39.27,3.79002206e-05
39.28,3.79979770e-05
39.29,3.80962101e-05
39.30,3.81949227e-05
39.31,3.82941176e-05
39.32,3.83937975e-05
39.33,3.84939652e-05
39.34,3.85946236e-05
39.35,3.86957755e-05
39.36,3.87974237e-05
39.37,3.88995712e-05
39.38,3.90022209e-05
39.39,3.91053756e-05
39.40,3.92090384e-05
39.41,3.93132121e-05
39.42,3.94178999e-05
39.43,3.95231047e-05
39.44,3.96288296e-05
39.45,3.97350776e-05
39.46,3.98418518e-05
39.47,3.99491553e-05
39.48,4.00569912e-05
39.49,4.01653628e-05
39.50,4.02742731e-05
39.51,4.03837255e-05
39.52,4.04937230e-05
39.53,4.06042690e-05
39.54,4.07153668e-05
39.55,4.08270196e-05
39.56,4.09392308e-05
39.57,4.10520037e-05
39.58,4.11653417e-05
39.59,4.12792482e-05
39.60,4.13937266e-05
39.61,4.15087804e-05
39.62,4.16244131e-05
39.63,4.17406281e-05
39.64,4.18574291e-05
39.65,4.19748195e-05
39.66,4.20928029e-05
39.67,4.22113830e-05
39.68,4.23305634e-05
39.69,4.24503478e-05
39.70,4.25707398e-05
39.71,4.26917432e-05
39.72,4.28133618e-05
39.73,4.29355993e-05
39.74,4.30584595e-05
39.75,4.31819463e-05
39.76,4.33060636e-05
39.77,4.34308152e-05
39.78,4.35562051e-05
39.79,4.36822372e-05
39.80,4.38089156e-05
39.81,4.39362442e-05
39.82,4.40642270e-05
39.83,4.41928683e-05
39.84,4.43221721e-05
39.85,4.44521425e-05
39.86,4.45827837e-05
39.87,4.47141000e-05
39.88,4.48460955e-05
39.89,4.49787745e-05
39.90,4.51121414e-05
39.91,4.52462005e-05
39.92,4.53809562e-05
39.93,4.55164129e-05
39.94,4.56525749e-05
39.95,4.57894469e-05
39.96,4.59270333e-05
39.97,4.60653386e-05
39.98,4.62043675e-05
39.99,4.63441245e-05
40.00,4.64846144e-05
40.01,4.66258417e-05
40.02,4.67678113e-05
40.03,4.69105279e-05
40.04,4.70539962e-05
40.05,4.71982212e-05
40.06,4.73432078e-05
40.07,4.74889607e-05
40.08,4.76354850e-05
40.09,4.77827857e-05
40.10,4.79308679e-05
40.11,4.80797364e-05
40.12,4.82293966e-05
40.13,4.83798536e-05
40.14,4.85311124e-05
40.15,4.86831784e-05
40.16,4.88360569e-05
40.17,4.89897531e-05
40.18,4.91442724e-05
40.19,4.92996203e-05
40.20,4.94558021e-05
40.21,4.96128233e-05
40.22,4.97706895e-05
40.23,4.99294063e-05
40.24,5.00889792e-05
40.25,5.02494140e-05
40.26,5.04107163e-05
40.27,5.05728918e-05
40.28,5.07359465e-05
40.29,5.08998861e-05
40.30,5.10647165e-05
40.31,5.12304436e-05
40.32,5.13970735e-05
40.33,5.15646122e-05
40.34,5.17330658e-05
40.35,5.19024403e-05
40.36,5.20727420e-05
40.37,5.22439771e-05
40.38,5.24161519e-05
40.39,5.25892726e-05
40.40,5.27633458e-05
40.41,5.29383778e-05
40.42,5.31143751e-05
40.43,5.32913442e-05
40.44,5.34692917e-05
40.45,5.36482243e-05
40.46,5.38281487e-05
40.47,5.40090715e-05
40.48,5.41909997e-05
40.49,5.43739401e-05
40.50,5.45578995e-05
40.51,5.47428850e-05
40.52,5.49289035e-05
40.53,5.51159622e-05
40.54,5.53040683e-05
40.55,5.54932288e-05
40.56,5.56834510e-05
40.57,5.58747424e-05
40.58,5.60671101e-05
40.59,5.62605618e-05
40.60,5.64551048e-05
40.61,5.66507468e-05
40.62,5.68474953e-05
40.63,5.70453580e-05
40.64,5.72443427e-05
40.65,5.74444572e-05
40.66,5.76457094e-05
40.67,5.78481071e-05
40.68,5.80516584e-05
40.69,5.82563713e-05
40.70,5.84622540e-05
40.71,5.86693147e-05
40.72,5.88775617e-05
40.73,5.90870032e-05
40.74,5.92976476e-05
40.75,5.95095035e-05
40.76,5.97225794e-05
40.77,5.99368839e-05
40.78,6.01524256e-05
40.79,6.03692134e-05
40.80,6.05872560e-05
40.81,6.08065623e-05
40.82,6.10271413e-05
40.83,6.12490021e-05
40.84,6.14721538e-05
40.85,6.16966055e-05
40.86,6.19223666e-05
40.87,6.21494463e-05
40.88,6.23778541e-05
40.89,6.26075995e-05
40.90,6.28386921e-05
40.91,6.30711416e-05
40.92,6.33049576e-05
40.93,6.35401500e-05
40.94,6.37767287e-05
40.95,6.40147037e-05
40.96,6.42540851e-05
40.97,6.44948829e-05
40.98,6.47371074e-05
40.99,6.49807690e-05
41.00,6.52258781e-05
41.01,6.54724451e-05
41.02,6.57204806e-05
41.03,6.59699952e-05
41.04,6.62209999e-05
41.05,6.64735052e-05
41.06,6.67275223e-05
41.07,6.69830622e-05
41.08,6.72401359e-05
41.09,6.74987546e-05
41.10,6.77589297e-05
41.11,6.80206726e-05
41.12,6.82839947e-05
41.13,6.85489076e-05
41.14,6.88154230e-05
41.15,6.90835528e-05
41.16,6.93533087e-05
41.17,6.96247028e-05
41.18,6.98977471e-05
41.19,7.01724538e-05
41.20,7.04488352e-05
41.21,7.07269037e-05
41.22,7.10066717e-05
41.23,7.12881519e-05
41.24,7.15713569e-05
41.25,7.18562995e-05
41.26,7.21429927e-05
41.27,7.24314494e-05
41.28,7.27216828e-05
41.29,7.30137062e-05
41.30,7.33075328e-05
41.31,7.36031761e-05
41.32,7.39006496e-05
41.33,7.41999672e-05
41.34,7.45011424e-05
41.35,7.48041893e-05
41.36,7.51091219e-05
41.37,7.54159544e-05
41.38,7.57247009e-05
41.39,7.60353758e-05
41.40,7.63479937e-05
41.41,7.66625691e-05
41.42,7.69791169e-05
41.43,7.72976518e-05
41.44,7.76181889e-05
41.45,7.79407432e-05
41.46,7.82653300e-05
41.47,7.85919647e-05
41.48,7.89206627e-05
41.49,7.92514397e-05
41.50,7.95843114e-05
41.51,7.99192936e-05
41.52,8.02564024e-05
41.53,8.05956540e-05
41.54,8.09370645e-05
41.55,8.12806505e-05
41.56,8.16264284e-05
41.57,8.19744149e-05
41.58,8.23246269e-05
41.59,8.26770813e-05
41.60,8.30317952e-05
41.61,8.33887858e-05
41.62,8.37480706e-05
41.63,8.41096670e-05
41.64,8.44735927e-05
41.65,8.48398654e-05
41.66,8.52085033e-05
41.67,8.55795243e-05
41.68,8.59529468e-05
41.69,8.63287890e-05
41.70,8.67070696e-05
41.71,8.70878073e-05
41.72,8.74710209e-05
41.73,8.78567294e-05
41.74,8.82449520e-05
41.75,8.86357080e-05
41.76,8.90290169e-05
41.77,8.94248983e-05
41.78,8.98233719e-05
41.79,9.02244578e-05
41.80,9.06281761e-05
41.81,9.10345469e-05
41.82,9.14435908e-05
41.83,9.18553283e-05
41.84,9.22697802e-05
41.85,9.26869674e-05
41.86,9.31069111e-05
41.87,9.35296324e-05
41.88,9.39551528e-05
41.89,9.43834939e-05
41.90,9.48146775e-05
41.91,9.52487255e-05
41.92,9.56856600e-05
41.93,9.61255033e-05
41.94,9.65682779e-05
41.95,9.70140064e-05
41.96,9.74627117e-05
41.97,9.79144166e-05
41.98,9.83691445e-05
41.99,9.88269185e-05
42.00,9.92877624e-05
42.01,9.97516997e-05
42.02,1.00218754e-04
42.03,1.00688951e-04
42.04,1.01162312e-04
42.05,1.01638864e-04
42.06,1.02118631e-04
42.07,1.02601638e-04
42.08,1.03087909e-04
42.09,1.03577469e-04
42.10,1.04070345e-04
42.11,1.04566562e-04
42.12,1.05066145e-04
42.13,1.05569121e-04
42.14,1.06075515e-04
42.15,1.06585355e-04
42.16,1.07098665e-04
42.17,1.07615474e-04
42.18,1.08135808e-04
42.19,1.08659694e-04
42.20,1.09187160e-04
42.21,1.09718233e-04
42.22,1.10252940e-04
42.23,1.10791310e-04
42.24,1.11333371e-04
42.25,1.11879151e-04
42.26,1.12428678e-04
42.27,1.12981981e-04
42.28,1.13539090e-04
42.29,1.14100032e-04
42.30,1.14664838e-04
42.31,1.15233537e-04
42.32,1.15806158e-04
42.33,1.16382732e-04
42.34,1.16963288e-04
42.35,1.17547857e-04
42.36,1.18136469e-04
42.37,1.18729155e-04
42.38,1.19325946e-04
42.39,1.19926873e-04
42.40,1.20531966e-04
42.41,1.21141259e-04
42.42,1.21754781e-04
42.43,1.22372566e-04
42.44,1.22994645e-04
42.45,1.23621050e-04
42.46,1.24251814e-04
42.47,1.24886970e-04
42.48,1.25526550e-04
42.49,1.26170587e-04
42.50,1.26819114e-04
42.51,1.27472166e-04
42.52,1.28129775e-04
42.53,1.28791976e-04
42.54,1.29458802e-04
42.55,1.30130287e-04
42.56,1.30806466e-04
42.57,1.31487374e-04
42.58,1.32173044e-04
42.59,1.32863513e-04
42.60,1.33558815e-04
42.61,1.34258984e-04
42.62,1.34964058e-04
42.63,1.35674071e-04
42.64,1.36389058e-04
42.65,1.37109057e-04
42.66,1.37834103e-04
42.67,1.38564232e-04
42.68,1.39299481e-04
42.69,1.40039886e-04
42.70,1.40785484e-04
42.71,1.41536312e-04
42.72,1.42292407e-04
42.73,1.43053805e-04
42.74,1.43820546e-04
42.75,1.44592665e-04
42.76,1.45370200e-04
42.77,1.46153190e-04
42.78,1.46941671e-04
42.79,1.47735683e-04
42.80,1.48535262e-04
42.81,1.49340448e-04
42.82,1.50151278e-04
42.83,1.50967791e-04
42.84,1.51790025e-04
42.85,1.52618019e-04
42.86,1.53451812e-04
42.87,1.54291442e-04
42.88,1.55136948e-04
42.89,1.55988370e-04
42.90,1.56845745e-04
42.91,1.57709113e-04
42.92,1.58578514e-04
42.93,1.59453986e-04
42.94,1.60335568e-04
42.95,1.61223300e-04
42.96,1.62117220e-04
42.97,1.63017369e-04
42.98,1.63923785e-04
42.99,1.64836507e-04
43.00,1.65755575e-04
43.01,1.66681027e-04
43.02,1.67612903e-04
43.03,1.68551243e-04
43.04,1.69496084e-04
43.05,1.70447467e-04
43.06,1.71405430e-04
43.07,1.72370011e-04
43.08,1.73341250e-04
43.09,1.74319186e-04
43.10,1.75303856e-04
43.11,1.76295299e-04
43.12,1.77293554e-04
43.13,1.78298659e-04
43.14,1.79310651e-04
43.15,1.80329569e-04
43.16,1.81355449e-04
43.17,1.82388330e-04
43.18,1.83428249e-04
43.19,1.84475242e-04
43.20,1.85529346e-04
43.21,1.86590598e-04
43.22,1.87659033e-04
43.23,1.88734688e-04
43.24,1.89817598e-04
43.25,1.90907799e-04
43.26,1.92005325e-04
43.27,1.93110210e-04
43.28,1.94222489e-04
43.29,1.95342196e-04
43.30,1.96469363e-04
43.31,1.97604023e-04
43.32,1.98746210e-04
43.33,1.99895954e-04
43.34,2.01053288e-04
43.35,2.02218241e-04
43.36,2.03390844e-04
43.37,2.04571128e-04
43.38,2.05759120e-04
43.39,2.06954849e-04
43.40,2.08158344e-04
43.41,2.09369631e-04
43.42,2.10588736e-04
43.43,2.11815686e-04
43.44,2.13050505e-04
43.45,2.14293218e-04
43.46,2.15543847e-04
43.47,2.16802415e-04
43.48,2.18068944e-04
43.49,2.19343454e-04
43.50,2.20625965e-04
43.51,2.21916496e-04
43.52,2.23215065e-04
43.53,2.24521687e-04
43.54,2.25836379e-04
43.55,2.27159155e-04
43.56,2.28490028e-04
43.57,2.29829011e-04
43.58,2.31176114e-04
43.59,2.32531347e-04
43.60,2.33894717e-04
43.61,2.35266232e-04
43.62,2.36645898e-04
43.63,2.38033718e-04
43.64,2.39429694e-04
43.65,2.40833828e-04
43.66,2.42246119e-04
43.67,2.43666564e-04
43.68,2.45095159e-04
43.69,2.46531900e-04
43.70,2.47976777e-04
43.71,2.49429781e-04
43.72,2.50890902e-04
43.73,2.52360125e-04
43.74,2.53837435e-04
43.75,2.55322814e-04
43.76,2.56816243e-04
43.77,2.58317700e-04
43.78,2.59827160e-04
43.79,2.61344596e-04
43.80,2.62869980e-04
43.81,2.64403279e-04
43.82,2.65944460e-04
43.83,2.67493484e-04
43.84,2.69050313e-04
43.85,2.70614904e-04
43.86,2.72187210e-04
43.87,2.73767184e-04
43.88,2.75354774e-04
43.89,2.76949924e-04
43.90,2.78552577e-04
43.91,2.80162670e-04
43.92,2.81780138e-04
43.93,2.83404913e-04
43.94,2.85036922e-04
43.95,2.86676087e-04
43.96,2.88322330e-04
43.97,2.89975565e-04
43.98,2.91635703e-04
43.99,2.93302652e-04
44.00,2.94976314e-04
44.01,2.96656586e-04
44.02,2.98343362e-04
44.03,3.00036529e-04
44.04,3.01735971e-04
44.05,3.03441566e-04
44.06,3.05153186e-04
44.07,3.06870698e-04
44.08,3.08593963e-04
44.09,3.10322836e-04
44.10,3.12057167e-04
44.11,3.13796799e-04
44.12,3.15541569e-04
44.13,3.17291306e-04
44.14,3.19045833e-04
44.15,3.20804966e-04
44.16,3.22568514e-04
44.17,3.24336278e-04
44.18,3.26108052e-04
44.19,3.27883621e-04
44.20,3.29662763e-04
44.21,3.31445245e-04
44.22,3.33230828e-04
44.23,3.35019263e-04
44.24,3.36810293e-04
44.25,3.38603647e-04
44.26,3.40399051e-04
44.27,3.42196214e-04
44.28,3.43994840e-04
44.29,3.45794618e-04
44.30,3.47595229e-04
44.31,3.49396342e-04
44.32,3.51197612e-04
44.33,3.52998686e-04
44.34,3.54799193e-04
44.35,3.56598755e-04
44.36,3.58396977e-04
44.37,3.60193453e-04
44.38,3.61987760e-04
44.39,3.63779463e-04
44.40,3.65568113e-04
44.41,3.67353244e-04
44.42,3.69134375e-04
44.43,3.70911010e-04
44.44,3.72682636e-04
44.45,3.74448724e-04
44.46,3.76208728e-04
44.47,3.77962083e-04
44.48,3.79708207e-04
44.49,3.81446502e-04
44.50,3.83176346e-04
44.51,3.84897104e-04
44.52,3.86608117e-04
44.53,3.88308708e-04
44.54,3.89998179e-04
44.55,3.91675812e-04
44.56,3.93340868e-04
44.57,3.94992585e-04
44.58,3.96630182e-04
44.59,3.98252853e-04
44.60,3.99859771e-04
44.61,4.01450086e-04
44.62,4.03022925e-04
44.63,4.04577392e-04
44.64,4.06112567e-04
44.65,4.07627506e-04
44.66,4.09121242e-04
44.67,4.10592783e-04
44.68,4.12041113e-04
44.69,4.13465191e-04
44.70,4.14863953e-04
44.71,4.16236310e-04
44.72,4.17581148e-04
44.73,4.18897329e-04
44.74,4.20183691e-04
44.75,4.21439047e-04
44.76,4.22662188e-04
44.77,4.23851880e-04
44.78,4.25006865e-04
44.79,4.26125865e-04
44.80,4.27207575e-04
44.81,4.28250673e-04
44.82,4.29253811e-04
44.83,4.30215624e-04
44.84,4.31134723e-04
44.85,4.32009702e-04
44.86,4.32839135e-04
44.87,4.33621577e-04
44.88,4.34355568e-04
44.89,4.35039629e-04
44.90,4.35672264e-04
44.91,4.36251965e-04
44.92,4.36777210e-04
44.93,4.37246467e-04
44.94,4.37658198e-04
44.95,4.38010868e-04
44.96,4.38302950e-04
44.97,4.38532926e-04
44.98,4.38699264e-04
44.99,4.38800371e-04
45.00,4.38834458e-04
